id,niveau,matieres_preferees,mathematiques,physique,chimie,informatique,francais,anglais,biologie,economie,gestion,histoire_geographie,droit,technique,competences,centres_interet,activites_projets,preferences_professionnelles,environnement_travail,parcours_recommande
1,Baccalauréat Technique,Mathématiques;Français;Informatique;Physique;Anglais;Histoire-Géographie,16.9,13.69,9.86,16.14,17.45,11.59,14.95,0,11.38,9.72,0,11.04,Conception de logiciels;Analyse des systèmes;Aménagement,Intelligence artificielle;Informatique;Technologie;Environnement,Création d'une application de gestion;Création d'une application Python,Technicien,Bureau;Télétravail,IGGLIA
2,Bac+3,Français;Physique;Informatique;Biologie,17.18,14.42,0,14.31,13.99,0,0,10.59,0,14.57,0,8.53,Conception de logiciels;Python;Programmation,Intelligence artificielle;Informatique;Technologie;Tourisme,Création d'une application de gestion;Projet de développement web,Ingénieur;Développeur logiciel,Télétravail,IGGLIA
3,Bac+3,Mathématiques;Français,16.65,12.1,0,17.54,15.22,0,0,0,13.13,11.48,0,0,Conception de logiciels;Analyse des systèmes;Python,Technologie,Création d'une application Python,Technicien,Bureau;Travail en équipe;Télétravail;Laboratoire,IGGLIA
4,Baccalauréat Technique,Informatique;Mathématiques;Physique,16.07,13.23,0,15.17,15.33,14.98,9.69,0,0,10.49,0,0,Analyse des systèmes;Python;Analyse financière,Informatique;Technologie,Création d'une application Python,Développeur logiciel;Agronome,Bureau;Télétravail,IGGLIA
5,Baccalauréat S,Informatique;Physique,15.55,18.34,8.78,14.49,16.08,0,0,11.22,14.89,9.52,11.38,10.0,Analyse des systèmes,Informatique;Technologie;Intelligence artificielle,Création d'une application Python,Développeur logiciel;Ingénieur,Travail en équipe;Laboratoire,IGGLIA
6,Baccalauréat D,Physique;Informatique;Français;Biologie,18.42,16.62,12.67,16.85,15.27,9.49,0,0,8.96,0,12.76,0,Conception de logiciels;Programmation;Techniques de vente,Informatique;Intelligence artificielle,Projet de développement web;Création d'une application de gestion,Développeur logiciel,Bureau;Télétravail;Travail en équipe,IGGLIA
7,Bac+1,Mathématiques;Français;Informatique;Technique,16.97,18.87,14.54,14.78,16.24,8.86,0,12.84,0,13.07,11.91,0,Python,Informatique;Technologie,Création d'une application de gestion,Technicien,Travail en équipe;Bureau;Télétravail;Entreprise,IGGLIA
8,Bac+3,Physique;Français,12.77,16.39,0,11.85,17.09,12.48,0,0,0,0,9.3,0,Analyse des systèmes;Technologies alimentaires,Intelligence artificielle;Informatique,Projet de développement web,Développeur logiciel;Technicien,Travail en équipe;Télétravail,IGGLIA
9,Bac+1,Informatique;Mathématiques,13.64,13.9,12.08,17.87,12.11,0,12.64,0,12.77,14.29,15.87,15.2,Conception de logiciels;Gestion financière,Technologie,Projet de développement web,Technicien;Ingénieur,Télétravail,IGGLIA
10,Bac+2,Français;Informatique;Physique,14.19,15.7,0,13.61,16.19,9.68,0,0,11.53,0,0,0,Programmation;Conception de logiciels;Python;Rédaction,Technologie;Intelligence artificielle;Informatique,Création d'une application de gestion,Développeur logiciel;Commercial,Télétravail;Bureau,IGGLIA
11,Baccalauréat D,Informatique;Physique;Français;Mathématiques,13.96,17.97,11.4,15.37,13.33,14.79,0,0,0,0,0,0,Analyse des systèmes;Conception de logiciels,Technologie,Projet de développement web;Création d'une application Python,Technicien;Ingénieur,Travail en équipe;Bureau,IGGLIA
12,Baccalauréat D,Physique;Informatique;Mathématiques,12.99,13.15,11.73,14.12,15.8,0,15.05,0,0,0,11.12,0,Programmation;Analyse des systèmes;Gestion financière,Informatique;Intelligence artificielle,Création d'une application de gestion;Création d'une application Python,Technicien,Télétravail;Bureau;Terrain,IGGLIA
13,Baccalauréat D,Informatique;Mathématiques;Français,14.25,16.53,0,16.29,16.19,15.62,8.55,0,8.25,14.71,0,11.79,Programmation,Intelligence artificielle;Informatique,Création d'une application Python,Technicien;Comptable,Télétravail;Travail en équipe;Bureau,IGGLIA
14,Baccalauréat S,Informatique;Mathématiques,14.89,18.42,0,12.64,14.28,0,11.36,0,10.9,0,0,9.41,Conception de logiciels;Analyse des systèmes;Programmation,Technologie;Intelligence artificielle;Informatique,Projet de développement web,Ingénieur,Travail en équipe;Télétravail;Bureau,IGGLIA
15,Baccalauréat D,Français;Mathématiques;Économie,14.36,17.78,0,12.23,14.94,11.81,0,8.14,11.24,13.31,12.43,15.97,Conception de logiciels;Programmation;Analyse des systèmes;Comptabilité,Informatique,Création d'une application Python;Création d'une application de gestion;Projet personnel,Ingénieur;Technicien,Travail en équipe,IGGLIA
16,Baccalauréat C,Mathématiques;Physique;Français,16.46,14.67,0,17.82,14.8,8.41,0,0,0,8.59,0,9.19,Conception de logiciels;Python;Analyse des systèmes;Tourisme,Technologie;Informatique,Projet de développement web;Création d'une application de gestion,Ingénieur;Développeur logiciel,Bureau;Télétravail;Travail en équipe,IGGLIA
17,Bac+2,Informatique;Mathématiques,12.78,16.25,10.3,15.56,11.48,14.33,0,0,8.92,9.19,9.14,14.34,Conception de logiciels;Programmation;Python,Technologie;Intelligence artificielle,Projet de développement web;Création d'une application Python,Technicien;Ingénieur,Bureau,IGGLIA
18,Bac+2,Mathématiques;Physique;Informatique;Français,13.39,13.91,0,16.28,17.93,10.57,9.29,11.96,0,14.08,8.7,8.93,Python;Conception de logiciels,Intelligence artificielle;Informatique;Finance,Création d'une application de gestion;Projet de développement web,Ingénieur,Travail en équipe;Télétravail;Entreprise,IGGLIA
19,Baccalauréat D,Physique;Français;Chimie,15.13,14.94,0,15.12,14.93,11.86,0,0,9.52,0,0,8.56,Conception de logiciels;Analyse des systèmes;Accueil,Technologie;Intelligence artificielle,Création d'une application Python;Projet de développement web,Ingénieur;Technicien,Bureau;Télétravail,IGGLIA
20,Baccalauréat C,Mathématiques;Informatique;Physique,16.61,17.68,0,13.14,15.67,0,0,12.21,0,0,13.24,11.76,Conception de logiciels;Analyse des systèmes,Informatique;Intelligence artificielle;Technologie,Création d'une application de gestion;Création d'une application Python,Technicien,Bureau;Télétravail,IGGLIA
21,Baccalauréat S,Mathématiques;Informatique;Français;Physique,13.86,13.45,12.25,16.96,11.38,0,0,15.3,11.69,10.04,14.44,0,Programmation;Python;Analyse des systèmes,Intelligence artificielle;Technologie;Informatique,Création d'une application Python;Projet de développement web,Développeur logiciel,Télétravail;Travail en équipe,IGGLIA
22,Baccalauréat Technique,Français;Informatique;Mathématiques;Histoire-Géographie,19.06,15.69,0,12.17,14.9,0,0,8.78,0,14.31,10.92,15.28,Analyse des systèmes;Python;Traitement des données,Intelligence artificielle;Technologie;Informatique,Projet de développement web;Création d'une application de gestion,Développeur logiciel;Technicien,Télétravail,IGGLIA
23,Baccalauréat S,Physique;Mathématiques;Informatique;Français,15.76,16.66,0,16.13,11.52,0,0,0,8.51,0,0,11.27,Python,Intelligence artificielle;Informatique;Technologie,Projet de développement web,Technicien;Développeur logiciel,Bureau;Travail en équipe;Télétravail,IGGLIA
24,Baccalauréat C,Physique;Mathématiques,15.58,16.56,0,13.94,11.69,0,0,0,0,0,14.29,9.01,Programmation;Python;Conception de logiciels,Intelligence artificielle,Projet de développement web,Développeur logiciel,Bureau,IGGLIA
25,Bac+1,Mathématiques;Informatique,12.88,11.28,0,16.51,16.36,0,12.03,0,14.27,0,0,0,Python,Intelligence artificielle;Informatique,Création d'une application Python;Création d'une application de gestion,Développeur logiciel;Professionnel du tourisme,Télétravail;Travail en équipe;Bureau,IGGLIA
26,Bac+1,Français;Physique;Informatique;Chimie;Biologie,16.58,16.21,13.84,13.28,15.82,0,0,8.68,13.96,9.04,15.65,0,Python;Programmation;Conception de logiciels,Technologie;Informatique,Projet de développement web;Création d'une application Python,Développeur logiciel,Bureau,IGGLIA
27,Bac+2,Mathématiques;Informatique;Français,19.46,17.67,0,14.34,16.18,13.62,10.72,14.96,0,9.13,0,13.97,Analyse des systèmes,Informatique;Intelligence artificielle,Création d'une application de gestion;Création d'une application Python,Développeur logiciel,Télétravail;Terrain,IGGLIA
28,Baccalauréat S,Français;Physique;Informatique,15.04,13.85,0,15.92,12.05,0,10.41,9.1,10.62,13.98,11.04,0,Conception de logiciels;Python;Programmation,Intelligence artificielle;Business,Création d'une application de gestion;Projet de développement web,Ingénieur;Développeur logiciel,Bureau;Travail en équipe,IGGLIA
29,Bac+3,Français;Mathématiques;Gestion;Droit,14.39,15.47,0,13.31,14.06,0,15.67,0,8.82,9.39,14.07,15.61,Analyse des systèmes;Programmation;Conception de logiciels,Technologie;Intelligence artificielle;Informatique;Business,Projet de développement web;Création d'une application de gestion,Ingénieur,Travail en équipe;Télétravail;Environnement international,IGGLIA
30,Bac+2,Mathématiques;Physique;Français,15.12,16.89,0,16.34,15.36,0,8.49,15.19,13.71,0,9.98,11.52,Programmation;Analyse des systèmes;Conception de logiciels,Intelligence artificielle;Technologie,Création d'une application de gestion,Ingénieur;Technicien,Travail en équipe;Télétravail,IGGLIA
31,Bac+1,Informatique;Français;Mathématiques;Physique,14.81,14.55,0,13.02,15.34,13.62,0,0,0,13.36,0,10.47,Conception de logiciels,Informatique;Technologie,Création d'une application Python,Technicien,Télétravail;Bureau;Travail en équipe,IGGLIA
32,Baccalauréat C,Français;Mathématiques;Technique;Informatique,14.52,15.42,0,17.05,15.76,15.72,0,0,13.43,0,14.16,0,Analyse des systèmes;Python;Conception de logiciels,Intelligence artificielle;Santé,Création d'une application de gestion;Création d'une application Python,Ingénieur;Chercheur,Travail en équipe;Bureau,IGGLIA
33,Bac+1,Français;Informatique,14.27,13.98,9.8,12.36,15.8,8.31,0,0,0,0,0,0,Python;Valorisation du patrimoine,Technologie,Création d'une application Python;Projet de développement web,Développeur logiciel,Télétravail;Travail en équipe;Bureau;Travail individuel,IGGLIA
34,Bac+3,Mathématiques;Physique;Français;Informatique,14.77,15.49,15.8,12.77,17.49,0,11.76,0,0,8.13,0,13.86,Python;Conception de logiciels;Programmation;Gestion commerciale,Intelligence artificielle;Informatique;Technologie,Création d'une application de gestion;Création d'une application Python,Technicien,Bureau;Travail en équipe,IGGLIA
35,Baccalauréat C,Mathématiques;Informatique,17.54,14.4,0,12.75,18.58,9.0,15.12,0,0,15.79,0,0,Conception de logiciels;Python;Programmation;Prise de décision,Technologie,Création d'une application Python,Ingénieur;Technicien,Bureau;Travail en équipe,IGGLIA
36,Baccalauréat Technique,Physique;Français;Informatique;Mathématiques,15.01,15.86,0,15.22,14.01,0,9.01,13.16,15.6,9.23,10.97,8.62,Conception de logiciels,Intelligence artificielle;Informatique;Technologie;Communication,Création d'une application de gestion;Projet de développement web,Ingénieur,Travail en équipe;Bureau;Télétravail,IGGLIA
37,Bac+3,Mathématiques;Français,16.76,13.07,0,16.51,12.38,0,0,0,0,0,0,0,Programmation;Python;Conception de logiciels,Intelligence artificielle;Sciences,Projet de développement web;Création d'une application Python,Développeur logiciel,Télétravail;Travail en équipe;Bureau,IGGLIA
38,Baccalauréat S,Mathématiques;Français;Informatique;Physique;Histoire-Géographie;Anglais,18.78,14.66,0,16.69,10.89,9.32,13.67,15.53,0,0,13.08,0,Conception de logiciels,Technologie,Création d'une application Python,Technicien;Développeur logiciel,Bureau;Télétravail,IGGLIA
39,Bac+1,Informatique;Physique;Français;Mathématiques,15.07,17.91,0,15.45,10.71,11.87,12.85,13.75,0,0,0,10.96,Python;Programmation;Analyse des systèmes,Intelligence artificielle;Informatique;Agriculture,Projet de développement web;Création d'une application de gestion,Ingénieur,Travail en équipe;Bureau;Télétravail,IGGLIA
40,Baccalauréat D,Français;Informatique;Physique;Technique,13.83,13.72,12.78,18.08,11.75,9.07,10.93,8.36,12.49,10.31,11.6,0,Python;Analyse des systèmes;Conception de logiciels,Technologie;Intelligence artificielle,Création d'une application de gestion,Développeur logiciel;Data Scientist,Télétravail;Travail en équipe;Travail individuel,IGGLIA
41,Baccalauréat Technique,Informatique;Physique;Mathématiques;Économie;Gestion,15.34,15.47,0,11.59,11.33,15.19,0,0,0,13.24,0,0,Électronique,Sciences,Projet Arduino;Projet de robotique;Projet personnel,Ingénieur;Data Scientist,Atelier;Travail en équipe,ESIIA
42,Baccalauréat S,Informatique;Mathématiques;Physique,17.86,14.57,0,15.16,0,0,0,0,0,11.87,0,10.39,Architecture des ordinateurs;Automatisation;Techniques de vente,Informatique;Sciences,Montage d'un système électronique;Projet Arduino,Technicien;Ingénieur,Environnement industriel;Atelier,ESIIA
43,Bac+3,Informatique;Physique;Mathématiques;Économie;Technique,13.59,14.61,0,16.06,11.31,0,14.17,12.4,0,15.48,0,0,Architecture des ordinateurs,Technologie;Sciences;Informatique,Projet Arduino,Ingénieur,Travail en équipe;Laboratoire,ESIIA
44,Baccalauréat S,Mathématiques;Informatique;Physique,15.07,16.16,0,17.19,0,0,8.9,11.67,9.49,0,0,0,Programmation,Informatique;Sciences;Technologie;Business,Projet Arduino,Ingénieur,Travail en équipe,ESIIA
45,Bac+1,Informatique;Mathématiques;Physique,14.44,12.09,12.02,18.54,8.94,0,12.92,9.07,13.98,0,12.39,0,Programmation;Électronique;Architecture des ordinateurs,Sciences;Informatique;Technologie,Projet Arduino,Ingénieur;Manager,Laboratoire;Environnement industriel,ESIIA
46,Bac+3,Mathématiques;Physique;Informatique,15.14,12.43,0,16.12,0,0,0,10.76,15.95,0,15.47,11.27,Automatisation,Informatique;Sciences,Projet de robotique,Ingénieur,Atelier;Environnement industriel,ESIIA
47,Bac+2,Mathématiques;Physique,16.22,13.31,0,11.78,0,0,13.28,0,0,0,8.54,0,Électronique;Automatisation,Informatique;Technologie,Projet Arduino,Ingénieur;Technicien,Environnement industriel;Laboratoire;Atelier,ESIIA
48,Bac+1,Physique;Informatique;Technique;Français,15.68,17.35,0,17.56,11.33,11.01,0,0,0,13.66,0,0,Automatisation;Programmation;Électronique,Technologie;Informatique,Montage d'un système électronique;Projet Arduino,Ingénieur,Laboratoire;Travail en équipe;Environnement industriel,ESIIA
49,Baccalauréat Technique,Physique;Mathématiques,16.3,14.31,0,15.2,0,12.84,15.32,0,0,12.27,10.09,0,Automatisation;Électronique,Informatique;Sciences;Technologie,Projet Arduino;Projet de robotique,Technicien,Travail en équipe;Atelier;Laboratoire;Environnement industriel,ESIIA
50,Bac+1,Physique;Informatique;Histoire-Géographie,16.06,12.74,0,15.11,0,0,0,0,14.54,8.05,13.05,9.21,Automatisation,Sciences;Informatique;Technologie;Tourisme,Projet Arduino;Projet de robotique,Technicien;Ingénieur,Travail en équipe;Laboratoire;Environnement industriel,ESIIA
51,Bac+3,Mathématiques;Informatique,13.11,15.13,0,13.85,0,14.62,15.93,0,11.24,11.81,0,0,Automatisation,Informatique;Technologie;Sciences;Santé,Projet Arduino;Projet de robotique,Ingénieur;Technicien,Laboratoire;Travail en équipe,ESIIA
52,Baccalauréat S,Mathématiques;Physique;Informatique,17.22,16.49,13.92,17.84,13.96,8.78,8.61,0,0,0,0,13.07,Automatisation;Électronique,Informatique;Technologie,Projet Arduino;Montage d'un système électronique,Ingénieur,Atelier;Environnement industriel,ESIIA
53,Baccalauréat D,Mathématiques;Informatique,16.09,11.01,12.46,13.54,12.43,0,0,0,11.31,0,0,0,Programmation,Technologie,Montage d'un système électronique;Projet Arduino;Participation à une association,Technicien;Ingénieur,Environnement industriel,ESIIA
54,Bac+3,Informatique;Mathématiques;Physique;Chimie,17.19,17.34,10.68,18.76,0,10.57,0,10.51,0,0,13.56,0,Programmation;Automatisation;Architecture des ordinateurs;Utilisation des outils informatiques,Informatique;Technologie,Projet de robotique,Ingénieur,Atelier;Travail en équipe,ESIIA
55,Bac+1,Physique;Informatique;Anglais,12.21,14.24,12.78,15.9,0,0,8.29,0,0,0,0,0,Programmation,Technologie;Sciences,Montage d'un système électronique;Projet de robotique;Projet scolaire,Ingénieur;Technicien,Travail en équipe;Environnement industriel,ESIIA
56,Baccalauréat D,Physique;Mathématiques,15.92,14.26,0,13.63,0,0,8.78,0,0,8.36,0,10.74,Programmation,Technologie;Sciences;Informatique,Montage d'un système électronique;Projet Arduino,Ingénieur,Travail en équipe;Laboratoire,ESIIA
57,Baccalauréat Technique,Informatique;Physique;Mathématiques,14.62,15.13,14.98,12.59,0,14.9,0,0,0,0,0,14.76,Programmation;Architecture des ordinateurs;Automatisation,Technologie;Sciences;Informatique;Environnement,Projet Arduino,Technicien,Travail en équipe,ESIIA
58,Baccalauréat S,Informatique;Mathématiques,12.26,12.95,8.08,14.49,0,0,0,0,14.72,0,8.25,0,Électronique;Programmation;Conception,Informatique,Projet de robotique;Projet Arduino,Technicien;Ingénieur,Atelier;Travail en équipe;Environnement industriel,ESIIA
59,Baccalauréat C,Physique;Informatique,17.11,15.72,0,15.11,0,0,9.11,9.66,10.81,12.31,13.63,10.14,Électronique;Automatisation;Programmation,Sciences;Technologie,Projet Arduino;Participation à une association,Technicien,Environnement industriel;Travail en équipe;Atelier,ESIIA
60,Baccalauréat Technique,Physique;Informatique,17.31,15.55,0,15.5,0,0,0,0,0,15.75,0,0,Architecture des ordinateurs;Programmation,Sciences,Projet de robotique;Projet Arduino;Projet personnel,Ingénieur;Technicien,Travail en équipe,ESIIA
61,Baccalauréat C,Informatique;Mathématiques,15.75,15.68,8.66,16.91,13.0,0,0,8.73,9.71,12.75,0,8.06,Électronique;Programmation,Technologie;Sciences,Projet Arduino,Ingénieur;Technicien,Atelier;Télétravail,ESIIA
62,Baccalauréat S,Physique;Informatique,14.45,15.56,0,10.97,0,0,15.71,9.12,8.67,0,0,0,Électronique;Architecture des ordinateurs;Programmation;Prise de décision,Technologie;Informatique;Sciences,Montage d'un système électronique,Technicien,Laboratoire,ESIIA
63,Bac+2,Physique;Informatique;Français;Histoire-Géographie,19.19,10.4,8.32,13.91,0,0,0,13.61,12.29,0,10.48,0,Programmation,Sciences;Technologie,Projet de robotique;Projet Arduino;Projet scolaire,Ingénieur;Technicien,Environnement industriel,ESIIA
64,Baccalauréat Technique,Mathématiques;Informatique,14.95,18.07,0,15.08,14.25,15.09,0,14.46,8.51,0,0,11.64,Électronique;Programmation,Informatique;Business,Projet Arduino,Ingénieur,Atelier;Laboratoire,ESIIA
65,Baccalauréat Technique,Mathématiques;Informatique,18.82,13.96,13.76,11.98,12.02,0,14.43,0,0,11.72,14.76,12.42,Architecture des ordinateurs;Organisation,Sciences;Technologie,Projet Arduino;Projet de robotique;Participation à une association,Ingénieur,Laboratoire;Atelier;Travail en équipe,ESIIA
66,Bac+3,Mathématiques;Informatique;Physique,16.48,11.88,14.76,16.51,0,0,0,0,0,12.74,13.3,10.33,Automatisation;Architecture des ordinateurs,Informatique;Sciences,Projet Arduino;Projet personnel,Ingénieur;Entrepreneur,Environnement industriel;Atelier;Terrain,ESIIA
67,Baccalauréat D,Physique;Informatique,15.52,16.21,0,14.59,0,13.69,0,8.39,14.56,15.62,0,0,Programmation;Électronique;Automatisation;Traitement des données,Technologie;Droit,Projet Arduino,Ingénieur;Technicien,Laboratoire,ESIIA
68,Bac+3,Mathématiques;Informatique;Physique;Chimie,13.59,16.71,13.47,12.0,10.24,0,12.95,10.36,12.41,10.24,9.6,0,Programmation;Architecture des ordinateurs;Électronique,Informatique;Sciences;Technologie,Montage d'un système électronique;Projet de robotique;Participation à une association,Ingénieur,Laboratoire;Atelier,ESIIA
69,Baccalauréat D,Mathématiques;Informatique,15.27,15.76,0,15.13,0,14.71,0,12.74,0,0,0,13.6,Programmation;Architecture des ordinateurs;Électronique,Sciences;Informatique;Agriculture,Projet Arduino,Ingénieur,Environnement industriel,ESIIA
70,Baccalauréat D,Physique;Mathématiques,16.52,12.77,0,18.46,0,0,15.54,8.81,9.09,15.59,0,0,Architecture des ordinateurs;Électronique;Programmation;Pharmacologie,Informatique,Projet Arduino;Projet de robotique,Ingénieur;Technicien,Atelier;Environnement industriel;Laboratoire,ESIIA
71,Bac+1,Informatique;Mathématiques;Physique;Anglais,18.15,17.95,0,12.07,13.55,14.3,0,11.51,9.33,15.05,11.0,0,Programmation;Électronique;Automatisation;Élevage,Informatique;Environnement,Projet Arduino,Ingénieur;Technicien,Environnement industriel,ESIIA
72,Baccalauréat Technique,Informatique;Mathématiques;Physique,14.99,11.4,9.52,17.43,0,10.25,8.4,0,0,10.89,10.36,0,Automatisation;Électronique;Architecture des ordinateurs;Art culinaire,Informatique;Technologie;Sciences,Montage d'un système électronique;Projet de robotique,Ingénieur;Technicien;Développeur logiciel,Atelier;Travail en équipe;Travail individuel,ESIIA
73,Bac+1,Mathématiques;Physique;Informatique;Français;Technique,17.65,15.89,8.49,14.67,0,0,0,0,10.39,14.83,12.57,0,Programmation;Électronique;Automatisation;Architecture des ordinateurs,Technologie;Informatique,Projet de robotique,Technicien,Laboratoire;Travail en équipe;Atelier,ESIIA
74,Bac+2,Physique;Informatique;Mathématiques,16.09,14.38,12.7,18.78,0,0,10.29,0,11.29,11.88,0,10.2,Automatisation;Élevage,Sciences;Technologie;Intelligence artificielle,Montage d'un système électronique;Projet Arduino,Technicien;Ingénieur,Laboratoire;Travail en équipe;Environnement industriel,ESIIA
75,Bac+2,Physique;Informatique;Mathématiques,12.52,17.31,0,14.78,14.33,13.68,14.24,0,0,15.0,8.46,8.4,Programmation;Automatisation,Sciences;Informatique,Projet de robotique;Participation à une association,Technicien;Ingénieur,Environnement industriel;Atelier;Laboratoire,ESIIA
76,Bac+2,Physique;Mathématiques,18.63,12.28,9.65,16.22,0,0,0,0,9.39,0,12.87,0,Architecture des ordinateurs;Programmation;Automatisation,Informatique;Technologie,Projet de robotique;Projet Arduino;Projet personnel,Technicien;Ingénieur,Laboratoire;Atelier,ESIIA
77,Bac+1,Physique;Informatique;Mathématiques;Biologie;Chimie,18.44,16.57,0,17.28,0,11.35,8.28,0,0,13.81,12.28,0,Architecture des ordinateurs;Automatisation;Programmation,Sciences;Technologie;Informatique;Communication,Projet de robotique;Projet Arduino,Ingénieur;Technicien,Environnement industriel;Atelier;Travail en équipe,ESIIA
78,Baccalauréat Technique,Physique;Mathématiques;Informatique;Français;Droit,17.59,16.92,8.43,15.74,11.27,0,0,0,13.73,0,0,0,Architecture des ordinateurs,Informatique,Projet de robotique,Ingénieur;Technicien,Travail en équipe;Atelier;Environnement industriel,ESIIA
79,Bac+3,Mathématiques;Informatique,19.71,16.93,8.03,15.42,0,8.82,0,8.52,15.59,0,0,0,Programmation;Automatisation,Informatique;Technologie;Intelligence artificielle,Projet Arduino,Ingénieur,Atelier;Laboratoire;Travail en équipe,ESIIA
80,Baccalauréat C,Physique;Informatique,16.41,10.77,0,10.81,8.99,13.61,13.49,11.37,12.16,0,0,15.19,Électronique;Programmation;Automatisation,Technologie;Sciences,Montage d'un système électronique,Ingénieur;Technicien,Travail en équipe,ESIIA
81,Baccalauréat Technique,Anglais;Informatique,0,0,8.72,16.33,11.76,15.84,11.71,9.4,10.32,0,13.91,14.07,Communication numérique,Technologie;Tourisme;Communication,Projet de communication numérique;Création d'un site web multimédia,Développeur logiciel;Commercial,Travail en équipe;Télétravail,IMTICIA
82,Baccalauréat S,Anglais;Informatique;Français;Mathématiques;Chimie,15.29,0,0,15.38,17.43,19.14,0,0,0,0,0,8.51,Multimédia;Communication numérique;Technologies numériques,Communication;Tourisme;Informatique,Création de contenus numériques,Développeur logiciel;Commercial;Chercheur,Travail en équipe;Télétravail;Bureau;Travail individuel,IMTICIA
83,Bac+2,Français;Anglais,0,14.54,11.55,13.83,14.41,19.24,11.23,12.39,0,0,0,0,Technologies numériques;Communication numérique;Multimédia,Informatique;Tourisme,Projet de communication numérique;Création de contenus numériques,Commercial;Professionnel du tourisme;Comptable,Travail en équipe,IMTICIA
84,Bac+1,Anglais;Français;Informatique,0,0,0,13.6,11.72,16.08,0,10.7,0,13.07,0,15.13,Technologies numériques;Communication numérique,Informatique,Projet de communication numérique;Création de contenus numériques,Commercial,Bureau;Télétravail;Travail en équipe,IMTICIA
85,Baccalauréat C,Anglais;Français;Informatique,0,0,15.71,17.86,12.66,17.57,13.61,0,0,0,0,12.99,Technologies numériques;Multimédia,Technologie,Projet de communication numérique;Création d'un site web multimédia,Commercial;Professionnel du tourisme,Travail en équipe;Télétravail;Bureau,IMTICIA
86,Baccalauréat D,Informatique;Anglais;Français,0,0,8.5,15.62,14.86,15.49,0,0,13.18,12.09,0,0,Technologies numériques;Communication numérique;Multimédia,Communication;Tourisme;Informatique;Finance,Projet de communication numérique,Développeur logiciel;Professionnel du tourisme,Télétravail;Bureau;Travail en équipe,IMTICIA
87,Bac+1,Informatique;Anglais,8.33,10.11,14.77,12.13,15.8,18.26,0,0,0,14.32,0,13.66,Communication numérique;Technologies numériques;Multimédia,Tourisme,Création d'un site web multimédia;Création de contenus numériques,Commercial,Travail en équipe;Bureau,IMTICIA
88,Bac+2,Anglais;Informatique;Français,15.24,0,0,18.82,16.05,17.41,0,15.29,0,14.42,8.35,0,Multimédia,Technologie,Projet de communication numérique;Projet personnel,Commercial,Bureau,IMTICIA
89,Bac+3,Anglais;Informatique;Français;Gestion;Mathématiques,8.43,0,0,14.47,13.3,15.73,13.39,0,0,0,0,0,Communication numérique;Multimédia;Technologies numériques;Rédaction,Informatique;Technologie,Création de contenus numériques;Projet de communication numérique,Professionnel du tourisme;Commercial,Télétravail,IMTICIA
90,Baccalauréat Technique,Anglais;Informatique;Français,0,0,0,16.51,15.82,10.76,0,0,0,13.99,0,11.3,Technologies numériques;Communication numérique;Multimédia;Production agroalimentaire,Technologie;Informatique;Tourisme,Projet de communication numérique,Professionnel du tourisme,Bureau;Télétravail,IMTICIA
91,Bac+1,Français;Informatique;Anglais;Physique;Biologie,11.61,0,12.67,15.03,13.83,11.14,13.92,14.72,13.86,0,0,10.44,Communication numérique;Technologies numériques;Multimédia,Technologie,Projet de communication numérique;Projet scolaire,Commercial,Bureau;Télétravail;Travail en équipe,IMTICIA
92,Baccalauréat S,Anglais;Informatique;Français;Économie;Chimie,0,0,12.02,17.79,17.6,13.31,9.43,0,0,0,0,0,Communication numérique;Technologies numériques,Informatique,Création d'un site web multimédia,Professionnel du tourisme;Commercial,Bureau,IMTICIA
93,Bac+2,Anglais;Français,12.35,13.23,13.23,17.34,16.34,14.69,0,0,0,0,0,9.32,Technologies numériques,Technologie;Finance,Projet de communication numérique,Commercial;Développeur logiciel,Travail en équipe;Bureau,IMTICIA
94,Baccalauréat D,Informatique;Anglais;Français;Chimie;Technique,0,12.58,10.07,15.39,16.13,13.35,0,8.69,15.94,0,14.64,0,Communication numérique;Multimédia;Technologies numériques,Tourisme;Communication,Création de contenus numériques,Développeur logiciel,Télétravail;Travail en équipe;Bureau,IMTICIA
95,Baccalauréat S,Anglais;Informatique;Français;Chimie;Mathématiques,0,0,0,14.8,12.64,14.99,0,12.71,0,0,0,9.07,Communication numérique;Technologies numériques;Marketing,Communication;Informatique;Agriculture,Projet de communication numérique;Projet personnel,Commercial,Travail en équipe;Bureau;Environnement international,IMTICIA
96,Bac+1,Anglais;Français;Informatique,9.63,0,0,13.59,17.35,16.95,9.1,0,9.84,0,0,12.07,Technologies numériques;Communication numérique;Production agroalimentaire,Informatique,Projet de communication numérique;Création de contenus numériques;Participation à une association,Professionnel du tourisme;Agronome,Travail en équipe;Télétravail;Bureau,IMTICIA
97,Baccalauréat S,Informatique;Français,0,0,0,14.7,16.21,16.72,13.24,0,10.21,13.36,9.6,13.63,Technologies numériques;Valorisation du patrimoine,Communication;Technologie;Tourisme;Environnement,Création de contenus numériques;Création d'un site web multimédia,Commercial;Développeur logiciel,Travail en équipe;Télétravail;Bureau,IMTICIA
98,Baccalauréat D,Anglais;Français;Informatique,0,0,0,14.83,13.64,11.0,0,0,0,10.53,0,0,Technologies numériques,Communication;Tourisme,Création d'un site web multimédia;Projet de communication numérique,Développeur logiciel;Professionnel du tourisme;Commercial,Télétravail;Bureau,IMTICIA
99,Baccalauréat S,Informatique;Anglais;Français,0,14.23,8.63,17.95,13.9,19.56,10.52,0,0,0,9.46,0,Multimédia;Technologies numériques;Communication numérique,Informatique,Création de contenus numériques;Création d'un site web multimédia,Commercial;Développeur logiciel,Télétravail,IMTICIA
100,Baccalauréat C,Informatique;Anglais,12.9,12.39,11.77,15.33,13.94,15.88,0,9.44,12.61,8.8,9.89,11.05,Technologies numériques;Traitement des données,Technologie,Projet de communication numérique,Professionnel du tourisme;Commercial,Bureau;Travail en équipe;Télétravail,IMTICIA
101,Bac+1,Français;Anglais,13.96,10.88,0,16.41,14.05,16.8,0,0,0,0,10.6,0,Multimédia;Communication numérique;Technologies numériques,Technologie;Informatique,Création de contenus numériques;Projet de communication numérique,Développeur logiciel;Commercial,Travail en équipe;Télétravail,IMTICIA
102,Bac+3,Français;Anglais;Informatique,0,0,14.83,11.81,14.86,15.45,8.76,0,0,14.17,0,0,Multimédia,Tourisme,Projet de communication numérique,Développeur logiciel,Bureau;Laboratoire,IMTICIA
103,Baccalauréat Technique,Français;Anglais;Informatique,15.59,0,0,16.11,17.22,16.24,0,0,8.72,11.3,8.08,0,Multimédia;Management,Tourisme,Création de contenus numériques;Création d'un site web multimédia,Commercial;Développeur logiciel,Travail en équipe;Bureau;Télétravail,IMTICIA
104,Bac+3,Informatique;Anglais;Français,8.63,0,0,17.56,15.39,16.28,9.5,9.09,11.64,0,0,0,Communication numérique;Technologies numériques;Marketing,Technologie,Création de contenus numériques;Création d'un site web multimédia,Développeur logiciel;Agronome,Bureau;Travail en équipe,IMTICIA
105,Bac+1,Français;Anglais;Informatique,14.21,11.76,14.73,18.63,14.19,14.96,13.9,11.69,0,0,0,0,Multimédia;Technologies numériques;Communication numérique,Informatique,Création d'un site web multimédia;Création de contenus numériques,Développeur logiciel,Travail en équipe;Bureau;Environnement international,IMTICIA
106,Bac+3,Français;Informatique,0,0,0,14.4,13.74,15.64,0,0,10.84,12.29,11.9,12.47,Multimédia;Technologies numériques;Communication numérique;Gestion de projet,Technologie;Tourisme,Projet de communication numérique;Création de contenus numériques,Développeur logiciel;Commercial,Télétravail;Travail en équipe,IMTICIA
107,Bac+3,Informatique;Anglais;Droit,8.01,0,9.48,13.97,15.73,17.29,0,12.19,0,0,0,13.13,Communication numérique,Informatique,Création d'un site web multimédia,Développeur logiciel,Bureau,IMTICIA
108,Bac+1,Anglais;Français;Informatique,0,15.44,11.93,15.7,15.08,17.57,10.95,0,0,8.33,10.43,0,Communication numérique;Technologies numériques;Multimédia,Technologie,Projet de communication numérique,Commercial,Télétravail;Bureau,IMTICIA
109,Bac+1,Anglais;Français;Informatique,9.44,10.7,15.99,14.24,16.35,13.62,0,13.81,0,0,14.13,0,Multimédia;Technologies numériques,Informatique;Communication;Finance,Projet de communication numérique;Participation à une association,Professionnel du tourisme,Travail en équipe;Environnement industriel,IMTICIA
110,Baccalauréat C,Informatique;Anglais,10.12,0,10.05,14.37,14.39,11.92,0,0,0,0,0,13.14,Technologies numériques,Informatique;Tourisme,Création de contenus numériques;Projet de communication numérique,Développeur logiciel,Bureau;Travail en équipe;Télétravail,IMTICIA
111,Bac+1,Anglais;Informatique;Français,8.4,0,11.56,15.84,12.64,12.96,12.57,11.19,12.01,0,9.08,0,Multimédia;Communication numérique,Technologie;Informatique;Communication,Création de contenus numériques;Création d'un site web multimédia;Participation à une association,Professionnel du tourisme;Commercial;Développeur logiciel,Télétravail;Bureau;Travail en équipe;Laboratoire,IMTICIA
112,Baccalauréat C,Anglais;Informatique;Français,10.99,0,0,10.92,19.86,18.9,13.55,11.6,9.67,0,12.19,11.86,Communication numérique;Technologies numériques;Multimédia,Informatique;Technologie;Tourisme;Droit,Création d'un site web multimédia;Création de contenus numériques,Développeur logiciel,Télétravail;Travail en équipe,IMTICIA
113,Bac+1,Anglais;Français;Informatique,0,0,0,15.59,11.42,18.32,0,15.38,11.92,0,13.47,10.42,Multimédia;Communication numérique;Technologies numériques,Communication;Informatique,Projet de communication numérique;Création d'un site web multimédia;Participation à une association,Professionnel du tourisme,Travail en équipe,IMTICIA
114,Baccalauréat C,Français;Informatique;Anglais,0,0,9.1,18.18,17.39,18.92,0,0,8.54,0,0,14.72,Technologies numériques;Construction,Tourisme;Technologie,Création d'un site web multimédia;Projet de communication numérique;Projet scolaire,Commercial,Télétravail;Bureau;Travail en équipe,IMTICIA
115,Baccalauréat Technique,Informatique;Français;Anglais,0,0,14.82,13.57,11.3,14.65,11.3,0,0,0,15.42,0,Multimédia;Technologies numériques;Communication numérique,Tourisme;Informatique,Projet de communication numérique;Création de contenus numériques,Commercial;Ingénieur,Bureau,IMTICIA
116,Bac+2,Anglais;Français,0,10.33,10.44,17.04,15.29,12.65,14.64,0,0,14.23,0,0,Multimédia,Informatique;Tourisme,Création de contenus numériques;Participation à une association,Commercial,Bureau,IMTICIA
117,Baccalauréat D,Informatique;Français;Anglais;Mathématiques,0,0,0,14.63,16.02,16.16,14.15,13.01,9.05,12.98,11.67,0,Communication numérique;Multimédia;Technologies numériques;Recherche pharmaceutique,Tourisme;Technologie,Création d'un site web multimédia,Commercial;Développeur logiciel;Chercheur,Télétravail,IMTICIA
118,Baccalauréat Technique,Anglais;Français,11.34,13.38,0,16.83,15.52,15.34,0,10.39,11.03,11.42,0,9.08,Multimédia;Technologies numériques;Communication numérique,Technologie;Communication;Informatique;Tourisme,Création de contenus numériques,Professionnel du tourisme;Commercial,Télétravail;Travail en équipe;Bureau,IMTICIA
119,Baccalauréat Technique,Français;Informatique;Anglais,0,8.19,0,14.52,19.29,13.99,0,0,9.61,14.32,12.05,8.05,Multimédia;Technologies numériques;Communication numérique,Informatique;Tourisme;Communication,Projet de communication numérique;Création de contenus numériques,Commercial;Chercheur,Travail en équipe;Télétravail;Bureau,IMTICIA
120,Bac+1,Anglais;Français,0,0,12.62,16.11,15.07,14.68,11.0,0,12.85,8.93,0,14.86,Communication numérique;Multimédia;Technologies numériques;Communication touristique,Tourisme;Technologie;Environnement,Création d'un site web multimédia,Développeur logiciel,Télétravail;Bureau,IMTICIA
121,Baccalauréat C,Mathématiques;Informatique,16.75,0,14.97,19.15,0,13.8,0,16.63,15.46,0,0,11.74,Python,Finance;Informatique;Intelligence artificielle,Projet d'analyse statistique,Chercheur;Ingénieur,Bureau;Laboratoire;Travail individuel;Atelier,ISAIA
122,Baccalauréat D,Mathématiques;Informatique,15.87,0,0,12.43,0,0,8.23,15.65,8.69,13.64,0,0,Analyse économique;Traitement des données;Analyse statistique,Informatique,Analyse de données économiques;Analyse d'un jeu de données;Projet personnel,Data Scientist;Chercheur,Travail individuel;Laboratoire;Bureau,ISAIA
123,Bac+1,Économie;Informatique,15.5,0,0,17.33,11.8,11.69,14.14,14.2,14.54,0,13.2,0,Analyse économique;Analyse statistique;Traitement des données;Comptabilité,Intelligence artificielle;Business;Finance;Environnement,Projet d'analyse statistique;Analyse de données économiques,Data Scientist,Travail individuel,ISAIA
124,Baccalauréat C,Mathématiques;Informatique;Économie,15.72,0,8.87,18.36,11.95,0,14.54,19.39,0,9.17,12.25,12.62,Analyse statistique,Finance;Business,Projet d'analyse statistique;Analyse de données économiques,Ingénieur,Bureau;Laboratoire;Télétravail,ISAIA
125,Baccalauréat C,Économie;Informatique;Mathématiques,14.57,10.55,11.05,16.25,0,11.08,0,15.73,0,0,8.57,13.77,Analyse économique;Python;Programmation,Business;Finance,Analyse de données économiques;Analyse d'un jeu de données,Ingénieur;Chercheur,Bureau,ISAIA
126,Bac+1,Économie;Mathématiques;Informatique;Gestion;Physique,18.43,0,11.85,14.78,0,0,0,16.77,15.12,11.78,0,0,Traitement des données,Informatique;Intelligence artificielle,Analyse de données économiques;Projet d'analyse statistique,Chercheur;Data Scientist;Technicien,Laboratoire;Travail individuel;Bureau,ISAIA
127,Bac+2,Économie;Mathématiques,15.07,11.88,8.61,15.84,0,10.06,0,17.72,0,0,9.4,0,Analyse économique;Management,Finance,Analyse de données économiques,Chercheur,Laboratoire;Bureau,ISAIA
128,Baccalauréat C,Mathématiques;Informatique;Chimie,12.4,0,0,19.84,13.47,10.1,0,13.91,0,10.53,0,0,Traitement des données,Finance;Intelligence artificielle,Projet d'analyse statistique,Chercheur;Data Scientist,Bureau;Laboratoire;Travail individuel,ISAIA
129,Baccalauréat S,Mathématiques;Économie;Chimie;Histoire-Géographie,15.37,8.27,0,13.01,0,12.8,15.66,13.24,14.11,0,0,8.89,Traitement des données;Programmation,Business,Projet d'analyse statistique;Analyse de données économiques,Chercheur,Laboratoire;Travail individuel,ISAIA
130,Baccalauréat S,Mathématiques;Informatique;Économie,18.32,11.94,14.15,14.21,0,0,8.58,14.56,15.17,13.12,0,0,Analyse statistique;Traitement des données,Informatique;Finance,Projet d'analyse statistique;Analyse de données économiques,Ingénieur,Travail individuel;Laboratoire;Télétravail,ISAIA
131,Baccalauréat Technique,Économie;Informatique;Mathématiques;Chimie;Gestion,17.53,11.68,0,14.68,11.07,13.57,0,15.4,13.06,0,9.54,0,Analyse statistique;Analyse économique;Traitement des données;Multimédia,Finance;Intelligence artificielle;Business,Analyse d'un jeu de données,Ingénieur;Data Scientist,Travail individuel,ISAIA
132,Bac+3,Économie;Mathématiques,10.86,0,0,15.71,0,9.38,10.46,16.82,12.73,0,11.98,0,Python,Finance;Business,Analyse d'un jeu de données;Analyse de données économiques,Data Scientist,Bureau;Travail individuel,ISAIA
133,Baccalauréat C,Mathématiques;Informatique;Économie;Physique;Français,14.41,0,0,12.29,9.44,13.21,0,16.13,0,0,13.12,0,Analyse statistique;Python,Intelligence artificielle,Analyse de données économiques,Chercheur;Ingénieur;Comptable,Bureau,ISAIA
134,Baccalauréat C,Économie;Mathématiques;Informatique,15.2,14.37,0,17.95,13.36,13.16,11.48,15.63,0,13.92,0,14.28,Python;Analyse économique,Business;Finance;Intelligence artificielle,Analyse d'un jeu de données;Analyse de données économiques,Data Scientist,Laboratoire,ISAIA
135,Bac+1,Économie;Informatique;Mathématiques,15.05,0,9.09,17.16,0,9.02,0,10.97,0,0,10.75,0,Analyse statistique;Traitement des données;Python,Intelligence artificielle;Informatique;Business,Analyse d'un jeu de données;Projet d'analyse statistique,Data Scientist;Chercheur,Bureau,ISAIA
136,Baccalauréat C,Économie;Mathématiques,17.27,15.93,0,14.94,14.48,0,11.96,13.89,0,9.74,9.91,0,Analyse économique,Business,Projet d'analyse statistique,Ingénieur,Travail individuel;Laboratoire,ISAIA
137,Baccalauréat Technique,Informatique;Économie,15.17,0,0,14.38,0,0,15.46,17.18,8.41,11.72,10.93,0,Python;Traitement des données;Analyse économique;Environnement,Informatique,Analyse de données économiques,Chercheur;Ingénieur,Laboratoire;Bureau;Terrain,ISAIA
138,Bac+3,Économie;Mathématiques;Informatique,16.47,12.97,0,19.31,0,15.14,0,14.52,15.65,10.21,0,0,Python;Recherche pharmaceutique,Intelligence artificielle;Business;Finance,Projet d'analyse statistique;Projet scolaire,Ingénieur,Travail individuel;Laboratoire,ISAIA
139,Baccalauréat Technique,Informatique;Économie;Mathématiques,16.77,0,10.98,15.53,10.28,0,0,13.37,9.4,0,0,0,Analyse statistique;Contrôle qualité,Intelligence artificielle;Business;Finance,Analyse de données économiques,Chercheur;Data Scientist,Bureau;Laboratoire;Travail individuel,ISAIA
140,Bac+1,Mathématiques;Informatique;Économie;Technique;Gestion,15.21,0,0,19.0,0,0,0,17.06,11.83,13.42,8.2,0,Analyse économique,Informatique;Finance,Projet d'analyse statistique;Projet scolaire,Ingénieur;Data Scientist,Bureau;Laboratoire,ISAIA
141,Bac+3,Économie;Informatique;Gestion;Biologie,12.37,10.46,12.49,15.29,0,11.54,13.82,18.67,14.68,0,10.43,0,Traitement des données;Python;Analyse statistique;Gestion des procédés,Finance;Intelligence artificielle;Informatique,Analyse d'un jeu de données;Participation à une association,Ingénieur;Chercheur;Data Scientist,Laboratoire;Travail individuel;Bureau,ISAIA
142,Baccalauréat D,Mathématiques;Informatique;Histoire-Géographie;Chimie,17.94,11.94,0,12.01,15.95,13.96,0,17.3,0,0,0,12.1,Python;Analyse statistique;Analyse économique,Finance,Projet d'analyse statistique;Participation à une association,Chercheur;Ingénieur;Data Scientist,Travail individuel;Bureau;Laboratoire,ISAIA
143,Baccalauréat C,Économie;Mathématiques,18.96,0,13.48,14.56,0,0,12.15,14.42,15.29,9.24,9.51,0,Python;Analyse statistique;Traitement des données,Intelligence artificielle,Projet d'analyse statistique;Analyse de données économiques,Chercheur,Travail individuel;Laboratoire;Bureau,ISAIA
144,Bac+1,Mathématiques;Économie,11.87,9.04,13.53,15.05,0,0,8.86,17.07,8.95,8.53,0,0,Analyse statistique,Intelligence artificielle,Analyse d'un jeu de données;Projet personnel,Ingénieur;Chercheur,Travail individuel;Bureau;Laboratoire;Administration,ISAIA
145,Bac+3,Économie;Mathématiques,14.42,13.8,0,19.35,0,0,13.39,14.4,0,12.11,14.09,11.73,Analyse statistique;Analyse économique;Traitement des données,Informatique;Business;Intelligence artificielle,Projet d'analyse statistique;Analyse de données économiques,Ingénieur;Chercheur,Laboratoire;Travail individuel;Atelier,ISAIA
146,Baccalauréat D,Économie;Informatique;Mathématiques;Droit;Chimie,14.73,0,11.16,18.57,0,0,10.91,12.1,0,9.86,11.99,0,Traitement des données;Analyse économique;Analyse statistique,Business;Intelligence artificielle;Finance;Technologie,Analyse d'un jeu de données,Data Scientist;Ingénieur;Agronome,Laboratoire,ISAIA
147,Baccalauréat D,Économie;Informatique;Mathématiques;Chimie;Technique,16.31,0,0,14.0,0,0,0,13.32,0,0,0,11.6,Analyse économique;Analyse statistique;Biotechnologie,Finance;Business;Informatique,Projet d'analyse statistique,Data Scientist;Chercheur,Travail individuel;Laboratoire;Bureau,ISAIA
148,Baccalauréat C,Informatique;Économie,18.6,15.82,8.23,14.04,13.94,15.13,8.78,13.68,13.29,13.18,0,0,Traitement des données;Architecture des ordinateurs,Finance;Tourisme,Analyse de données économiques;Projet d'analyse statistique,Ingénieur;Data Scientist,Travail individuel;Laboratoire,ISAIA
149,Bac+1,Mathématiques;Économie;Informatique,17.87,10.4,0,14.07,0,14.8,10.12,14.36,0,0,0,0,Python;Traitement des données;Analyse statistique;Organisation,Business;Intelligence artificielle;Informatique,Analyse de données économiques,Chercheur;Ingénieur,Laboratoire;Travail individuel,ISAIA
150,Baccalauréat C,Mathématiques;Économie,15.61,0,0,18.02,0,0,12.53,16.11,9.18,13.48,11.48,14.64,Analyse statistique,Finance;Business;Tourisme,Projet d'analyse statistique,Data Scientist;Comptable,Laboratoire;Travail individuel,ISAIA
151,Baccalauréat S,Mathématiques;Informatique;Biologie,14.74,0,0,13.0,0,12.81,0,17.23,13.26,15.55,0,8.9,Python;Traitement des données;Analyse statistique,Intelligence artificielle,Projet d'analyse statistique;Analyse de données économiques,Chercheur,Bureau,ISAIA
152,Bac+2,Informatique;Économie;Mathématiques,16.52,11.39,0,19.74,0,13.73,0,14.48,0,0,0,0,Analyse statistique;Analyse économique;Traitement des données,Finance;Business;Informatique,Projet d'analyse statistique,Chercheur;Ingénieur;Comptable,Bureau;Travail individuel,ISAIA
153,Baccalauréat S,Économie;Informatique;Mathématiques,19.17,0,14.73,18.25,0,0,0,14.62,0,0,0,0,Python,Business,Analyse d'un jeu de données,Chercheur;Data Scientist;Comptable,Travail individuel;Bureau;Laboratoire,ISAIA
154,Baccalauréat Technique,Informatique;Mathématiques;Économie;Gestion;Biologie,13.06,15.01,0,16.32,0,0,0,17.84,0,13.61,11.21,10.08,Traitement des données;Multimédia,Informatique,Projet d'analyse statistique;Analyse de données économiques;Projet personnel,Data Scientist,Laboratoire;Travail individuel,ISAIA
155,Baccalauréat S,Économie;Mathématiques,14.75,11.27,10.32,14.35,0,13.47,0,10.66,13.54,0,0,0,Traitement des données;Python;Analyse économique,Finance,Projet d'analyse statistique;Analyse d'un jeu de données;Projet personnel,Chercheur;Ingénieur,Travail individuel;Bureau,ISAIA
156,Baccalauréat C,Économie;Informatique,15.86,12.24,8.93,10.84,0,0,0,16.83,0,0,0,10.5,Traitement des données,Intelligence artificielle;Finance,Analyse d'un jeu de données;Analyse de données économiques;Projet scolaire,Data Scientist,Travail individuel,ISAIA
157,Baccalauréat C,Mathématiques;Informatique;Économie,15.43,13.76,10.8,12.5,0,0,0,16.36,15.98,14.13,15.36,11.98,Traitement des données;Python,Informatique;Intelligence artificielle;Finance,Projet d'analyse statistique;Projet scolaire,Ingénieur;Chercheur,Travail individuel;Bureau,ISAIA
158,Baccalauréat Technique,Informatique;Mathématiques;Économie,16.08,0,0,15.99,10.04,14.17,8.16,13.0,13.18,0,10.39,0,Traitement des données;Analyse économique;Python,Finance,Projet d'analyse statistique;Analyse de données économiques,Data Scientist;Chercheur,Bureau;Laboratoire;Travail individuel;Terrain,ISAIA
159,Bac+3,Économie;Mathématiques,16.08,11.75,14.41,16.23,0,9.99,12.55,17.43,0,0,11.72,0,Traitement des données;Analyse statistique,Informatique;Business;Intelligence artificielle;Droit,Analyse d'un jeu de données;Analyse de données économiques,Chercheur;Ingénieur,Travail individuel;Laboratoire,ISAIA
160,Baccalauréat Technique,Mathématiques;Économie;Anglais;Chimie,12.68,8.11,0,14.58,0,0,0,15.48,0,0,0,0,Python;Analyse économique;Biotechnologie,Informatique,Analyse d'un jeu de données,Ingénieur,Travail individuel;Bureau;Laboratoire,ISAIA
161,Bac+2,Gestion;Histoire-Géographie,0,0,11.88,11.6,12.78,16.74,8.82,17.03,14.72,16.76,0,11.2,Techniques de vente;Communication;Gestion commerciale,Tourisme;Communication,Projet de création d'entreprise;Création d'une campagne publicitaire,Manager,Entreprise;Travail en équipe;Bureau;Laboratoire,CAA
162,Baccalauréat C,Gestion;Économie;Informatique;Anglais,0,0,0,0,18.55,14.22,0,15.54,17.2,11.9,0,11.86,Marketing;Industrie chimique,Communication,Création d'une campagne publicitaire;Organisation d'une petite vente,Commercial,Entreprise;Bureau;Télétravail,CAA
163,Baccalauréat Technique,Économie;Gestion,9.79,10.72,8.37,0,12.29,16.46,0,18.41,14.68,15.55,12.88,0,Communication,Tourisme;Droit,Organisation d'une petite vente;Création d'une campagne publicitaire,Entrepreneur;Commercial;Développeur logiciel,Bureau;Travail en équipe,CAA
164,Baccalauréat C,Français;Anglais;Gestion;Chimie;Physique,13.72,13.04,14.03,0,15.34,16.7,0,18.03,18.34,16.12,0,0,Communication,Business;Communication;Agriculture,Projet de création d'entreprise;Projet personnel,Manager;Entrepreneur,Travail en équipe;Entreprise;Bureau,CAA
165,Bac+3,Histoire-Géographie;Anglais;Économie;Informatique;Droit,0,0,0,9.58,11.98,15.27,0,15.22,12.12,15.66,0,8.22,Gestion commerciale;Communication;Marketing,Business;Tourisme;Communication,Organisation d'une petite vente;Projet de création d'entreprise,Manager,Bureau;Entreprise;Travail en équipe,CAA
166,Baccalauréat S,Histoire-Géographie;Anglais;Gestion;Économie;Chimie;Biologie,13.9,12.13,14.23,0,12.79,12.89,9.04,11.64,15.87,16.86,0,0,Techniques de vente;Marketing;Gestion commerciale,Business;Tourisme,Projet de création d'entreprise;Création d'une campagne publicitaire;Projet personnel,Entrepreneur,Bureau;Travail en équipe,CAA
167,Bac+1,Histoire-Géographie;Gestion;Technique,12.18,10.44,10.35,9.14,16.6,16.99,9.46,14.45,13.59,12.43,11.62,11.02,Marketing;Communication;Techniques de vente,Communication;Business;Tourisme;Santé,Organisation d'une petite vente;Création d'une campagne publicitaire,Entrepreneur,Entreprise;Bureau;Travail en équipe,CAA
168,Baccalauréat D,Économie;Français;Histoire-Géographie;Gestion;Mathématiques;Anglais,0,0,0,13.27,17.52,12.58,0,17.64,12.91,14.57,0,0,Techniques de vente;Communication,Communication;Tourisme;Business;Droit,Création d'une campagne publicitaire;Participation à une association,Commercial,Travail en équipe;Bureau;Laboratoire,CAA
169,Bac+3,Français;Économie;Chimie,10.59,14.62,9.62,0,15.73,16.25,8.49,14.62,14.74,15.39,15.71,0,Marketing,Communication;Business,Organisation d'une petite vente,Commercial,Travail en équipe;Entreprise;Travail individuel,CAA
170,Baccalauréat C,Économie;Anglais;Français;Histoire-Géographie,0,0,0,10.81,16.43,13.27,0,14.73,12.93,13.34,11.46,0,Gestion commerciale;Techniques de vente;Technologies numériques,Communication;Tourisme;Business,Création d'une campagne publicitaire;Organisation d'une petite vente,Commercial;Entrepreneur,Travail en équipe,CAA
171,Baccalauréat C,Anglais;Gestion;Économie;Histoire-Géographie,0,0,0,8.25,18.01,15.62,0,16.58,14.52,14.22,0,0,Communication;Techniques de vente,Tourisme;Communication;Technologie,Projet de création d'entreprise;Organisation d'une petite vente,Manager;Commercial,Travail en équipe;Bureau;Entreprise;Travail individuel,CAA
172,Baccalauréat S,Histoire-Géographie;Gestion;Français,0,0,0,0,10.97,11.56,0,13.72,15.56,18.53,0,0,Techniques de vente;Communication,Tourisme;Business;Communication,Création d'une campagne publicitaire;Organisation d'une petite vente,Manager;Entrepreneur,Travail en équipe,CAA
173,Baccalauréat C,Histoire-Géographie;Gestion;Anglais,15.04,0,0,13.52,19.87,12.66,13.0,12.11,13.73,19.39,11.79,0,Gestion commerciale,Business,Organisation d'une petite vente;Création d'une campagne publicitaire,Commercial,Entreprise;Bureau,CAA
174,Baccalauréat Technique,Français;Économie;Gestion,13.42,0,11.05,14.02,14.1,14.01,14.36,18.07,16.26,16.74,9.54,12.76,Marketing,Tourisme,Création d'une campagne publicitaire;Projet de création d'entreprise,Commercial;Entrepreneur;Agronome,Bureau,CAA
175,Baccalauréat D,Économie;Histoire-Géographie;Gestion;Français;Biologie,15.76,0,0,9.9,17.43,11.87,0,14.75,11.26,15.97,0,0,Gestion commerciale;Techniques de vente;Marketing,Business,Création d'une campagne publicitaire,Entrepreneur,Entreprise,CAA
176,Bac+2,Économie;Gestion;Français,8.59,8.92,9.56,0,14.79,11.07,15.08,15.84,14.13,13.92,0,13.42,Communication;Marketing,Communication;Business,Projet de création d'entreprise;Organisation d'une petite vente,Entrepreneur;Commercial;Chercheur,Bureau,CAA
177,Baccalauréat Technique,Économie;Gestion;Histoire-Géographie,0,0,0,9.19,14.32,12.25,0,15.7,17.89,17.51,11.1,0,Gestion commerciale;Marketing;Techniques de vente;Technologies alimentaires,Tourisme;Communication,Création d'une campagne publicitaire;Projet de création d'entreprise,Commercial,Entreprise,CAA
178,Bac+3,Économie;Gestion,0,0,12.4,8.67,14.25,15.6,0,14.66,16.07,13.62,9.87,0,Communication;Marketing,Tourisme;Business;Communication,Organisation d'une petite vente;Projet scolaire,Manager;Data Scientist,Entreprise;Travail en équipe;Bureau,CAA
179,Bac+2,Histoire-Géographie;Économie;Français;Anglais;Droit,0,0,0,13.23,20,16.22,0,12.31,16.01,16.48,8.69,0,Techniques de vente;Communication,Business;Communication;Tourisme,Création d'une campagne publicitaire,Manager,Entreprise;Bureau,CAA
180,Baccalauréat Technique,Histoire-Géographie;Économie;Anglais,0,9.11,0,0,17.01,18.06,11.05,15.98,14.46,16.3,0,9.37,Marketing;Communication;Techniques de vente;Automatisation,Communication,Création d'une campagne publicitaire,Manager;Ingénieur,Bureau,CAA
181,Bac+2,Anglais;Français;Gestion,0,15.64,0,9.65,15.79,15.57,0,15.79,15.35,10.69,11.19,0,Gestion commerciale;Techniques de vente;Marketing,Business;Tourisme;Communication,Création d'une campagne publicitaire;Projet de création d'entreprise,Manager,Travail en équipe;Entreprise;Bureau,CAA
182,Baccalauréat D,Histoire-Géographie;Français,14.96,13.02,15.33,0,15.31,17.43,0,16.32,14.08,13.99,12.05,0,Techniques de vente,Communication;Business;Tourisme;Informatique,Projet de création d'entreprise,Entrepreneur;Manager,Bureau,CAA
183,Bac+2,Gestion;Anglais;Histoire-Géographie;Économie,8.14,10.35,0,8.62,17.63,12.53,8.28,15.02,17.94,17.75,0,0,Gestion commerciale;Marketing;Accueil,Communication,Création d'une campagne publicitaire,Commercial;Agronome,Entreprise,CAA
184,Bac+2,Français;Anglais;Histoire-Géographie;Économie,12.1,0,13.01,0,17.38,13.61,10.59,13.03,11.03,14.28,12.99,15.08,Gestion commerciale;Techniques de vente,Tourisme,Création d'une campagne publicitaire,Entrepreneur;Manager,Bureau;Entreprise;Travail en équipe,CAA
185,Bac+2,Gestion;Français;Anglais;Droit;Histoire-Géographie,0,0,0,0,10.18,15.11,11.43,11.82,13.07,12.9,0,13.8,Gestion commerciale;Communication;Python,Tourisme,Projet de création d'entreprise;Création d'une campagne publicitaire,Entrepreneur,Bureau,CAA
186,Baccalauréat D,Anglais;Gestion,13.04,11.93,0,15.94,16.19,13.51,0,13.51,14.66,11.87,12.85,12.61,Marketing;Techniques de vente;Gestion commerciale;Gestion d'exploitation,Communication;Business,Projet de création d'entreprise;Création d'une campagne publicitaire,Commercial;Manager,Entreprise,CAA
187,Baccalauréat C,Anglais;Économie;Histoire-Géographie;Gestion;Droit,0,0,13.72,15.33,13.9,16.07,11.33,15.71,13.69,16.25,0,0,Techniques de vente,Business,Projet de création d'entreprise;Création d'une campagne publicitaire,Entrepreneur;Manager,Entreprise;Travail en équipe;Bureau,CAA
188,Bac+1,Français;Anglais;Gestion,0,9.98,0,0,11.49,13.76,13.65,16.21,19.4,12.92,0,0,Techniques de vente;Gestion commerciale;Marketing,Business;Tourisme;Communication,Projet de création d'entreprise;Organisation d'une petite vente,Entrepreneur;Manager;Chercheur,Bureau;Travail en équipe;Terrain,CAA
189,Bac+3,Économie;Gestion;Français,0,9.46,0,0,15.72,11.18,0,15.62,15.27,17.65,10.35,10.21,Communication;Gestion commerciale;Maintenance industrielle,Business;Tourisme;Communication,Projet de création d'entreprise,Commercial,Entreprise,CAA
190,Baccalauréat Technique,Gestion;Histoire-Géographie;Anglais,13.45,10.52,10.89,12.89,19.78,14.85,0,16.17,15.67,13.13,0,0,Gestion commerciale,Tourisme;Communication;Business,Projet de création d'entreprise,Commercial;Manager,Entreprise;Travail en équipe;Bureau,CAA
191,Baccalauréat S,Histoire-Géographie;Français;Anglais;Économie,0,0,0,0,12.33,16.85,0,18.79,14.44,13.38,0,0,Marketing;Techniques de vente,Tourisme;Business;Droit,Organisation d'une petite vente,Commercial,Entreprise;Travail en équipe,CAA
192,Bac+1,Gestion;Français;Économie;Histoire-Géographie,0,0,0,9.79,17.61,11.93,0,17.72,17.46,17.76,10.07,8.89,Marketing;Gestion commerciale,Communication;Business;Tourisme,Création d'une campagne publicitaire;Projet personnel,Manager,Entreprise;Bureau,CAA
193,Bac+1,Anglais;Français;Histoire-Géographie;Gestion,0,15.54,0,0,15.44,13.87,0,16.91,16.31,15.23,0,0,Techniques de vente;Gestion d'exploitation,Communication;Environnement,Projet de création d'entreprise,Manager,Travail en équipe;Bureau,CAA
194,Baccalauréat C,Économie;Gestion;Histoire-Géographie,11.13,13.81,15.38,0,13.73,15.5,0,14.53,14.77,15.45,0,0,Marketing,Tourisme,Projet de création d'entreprise;Organisation d'une petite vente,Manager,Travail en équipe;Bureau,CAA
195,Baccalauréat C,Gestion;Anglais;Français;Économie;Histoire-Géographie,0,0,8.27,11.91,18.42,15.61,0,17.74,18.56,15.14,0,8.96,Communication,Tourisme;Business;Communication,Création d'une campagne publicitaire;Organisation d'une petite vente,Manager,Travail en équipe;Entreprise;Bureau,CAA
196,Bac+2,Français;Anglais;Gestion,12.45,0,0,0,15.74,17.84,14.02,19.83,13.78,13.58,0,9.03,Marketing;Communication touristique,Business,Création d'une campagne publicitaire;Organisation d'une petite vente,Commercial,Entreprise;Travail en équipe;Bureau,CAA
197,Bac+1,Histoire-Géographie;Économie;Gestion,8.79,0,9.5,14.66,18.45,12.91,12.98,11.59,16.36,12.77,11.4,0,Marketing;Communication;Techniques de vente,Tourisme;Business;Communication,Création d'une campagne publicitaire,Manager;Entrepreneur;Technicien,Bureau,CAA
198,Baccalauréat D,Histoire-Géographie;Gestion;Physique;Anglais,0,0,14.38,8.78,16.88,19.23,12.21,17.9,15.27,14.67,10.17,8.38,Techniques de vente;Communication,Tourisme;Communication;Business,Organisation d'une petite vente;Projet de création d'entreprise,Manager,Bureau;Entreprise,CAA
199,Bac+2,Histoire-Géographie;Gestion;Économie;Anglais;Technique,0,11.42,0,0,16.26,19.41,10.5,10.9,18.63,11.25,0,0,Communication;Marketing,Business;Communication;Tourisme,Création d'une campagne publicitaire;Projet scolaire,Entrepreneur,Travail en équipe;Entreprise;Bureau,CAA
200,Baccalauréat Technique,Histoire-Géographie;Français;Économie;Anglais,0,0,0,8.6,17.35,17.62,10.99,14.79,13.92,15.13,10.35,13.9,Techniques de vente;Communication;Marketing,Tourisme;Business;Communication,Organisation d'une petite vente;Création d'une campagne publicitaire;Participation à une association,Manager;Entrepreneur;Data Scientist,Bureau;Entreprise;Travail en équipe;Travail individuel,CAA
201,Baccalauréat C,Mathématiques;Économie,11.48,0,13.25,11.16,13.72,14.49,11.51,15.76,14.08,14.96,9.52,11.16,Gestion financière;Comptabilité;Organisation,Business;Finance,Analyse des dépenses d'une entreprise;Gestion d'un budget familial,Entrepreneur;Manager;Architecte,Bureau;Travail individuel,FIC
202,Baccalauréat Technique,Français;Mathématiques;Gestion;Économie,16.38,11.89,0,9.22,14.19,0,0,17.08,15.82,0,0,0,Analyse financière;Comptabilité;Gestion financière;Analyse économique,Finance;Business,Création d'un tableau financier;Projet scolaire,Comptable,Entreprise;Bureau;Travail individuel,FIC
203,Baccalauréat C,Gestion;Économie,12.88,11.34,8.38,8.42,15.42,0,0,11.44,17.33,8.78,12.41,0,Gestion financière;Organisation,Finance;Business;Santé,Gestion d'un budget familial;Projet personnel,Comptable,Bureau;Travail individuel;Entreprise,FIC
204,Bac+1,Économie;Français;Gestion;Mathématiques,11.5,13.69,0,0,17.6,10.93,0,12.67,15.25,0,0,10.19,Gestion financière;Organisation,Finance,Création d'un tableau financier;Gestion d'un budget familial;Projet personnel,Entrepreneur;Manager,Bureau;Travail individuel;Environnement industriel,FIC
205,Baccalauréat S,Mathématiques;Économie;Français;Gestion,12.99,9.79,0,13.12,16.9,14.99,15.84,16.88,13.62,0,0,15.57,Gestion financière;Organisation;Comptabilité,Business;Finance,Création d'un tableau financier,Comptable;Manager,Travail individuel;Bureau;Entreprise,FIC
206,Baccalauréat S,Français;Gestion;Mathématiques;Économie;Droit;Chimie,15.96,9.19,0,0,16.43,12.56,0,12.35,15.84,0,0,9.15,Analyse financière;Organisation,Finance;Business,Analyse des dépenses d'une entreprise;Participation à une association,Comptable,Bureau;Travail individuel;Entreprise,FIC
207,Baccalauréat S,Mathématiques;Gestion,13.95,13.66,11.84,0,13.4,9.24,13.54,14.32,15.41,12.09,0,15.3,Analyse financière,Business,Analyse des dépenses d'une entreprise,Manager;Architecte,Bureau,FIC
208,Baccalauréat S,Mathématiques;Économie;Français,18.09,12.24,0,0,13.9,14.54,8.83,18.48,19.25,0,8.02,0,Analyse financière,Business;Finance,Analyse des dépenses d'une entreprise,Comptable;Entrepreneur,Bureau,FIC
209,Baccalauréat C,Gestion;Français;Économie,16.05,14.42,0,11.35,15.38,0,0,14.92,15.13,0,0,0,Gestion financière;Électromécanique,Business,Gestion d'un budget familial;Participation à une association,Comptable;Manager,Entreprise;Bureau;Travail individuel,FIC
210,Baccalauréat Technique,Français;Mathématiques;Économie;Gestion,16.09,8.85,0,0,14.28,9.13,8.1,16.86,16.71,12.22,0,0,Gestion financière;Analyse financière;Comptabilité;Architecture des ordinateurs,Finance,Analyse des dépenses d'une entreprise;Participation à une association,Entrepreneur;Manager,Travail individuel;Entreprise,FIC
211,Bac+1,Économie;Mathématiques,16.43,12.95,9.47,0,17.14,0,0,14.77,15.71,0,0,8.87,Gestion financière,Finance;Business,Gestion d'un budget familial,Manager;Commercial,Bureau;Travail individuel;Entreprise;Administration,FIC
212,Baccalauréat S,Mathématiques;Gestion;Français;Physique,19.27,0,0,11.13,12.72,0,15.17,15.28,14.76,0,0,0,Gestion financière;Recherche pharmaceutique,Finance;Business,Gestion d'un budget familial,Entrepreneur;Manager,Travail individuel;Entreprise;Bureau,FIC
213,Bac+1,Économie;Gestion;Français;Histoire-Géographie;Informatique,14.0,9.22,0,0,15.47,0,0,19.33,10.95,15.47,10.24,8.71,Organisation;Gestion touristique,Business;Finance,Gestion d'un budget familial;Création d'un tableau financier,Manager;Comptable,Travail individuel;Entreprise;Bureau;Travail en équipe,FIC
214,Bac+3,Économie;Gestion;Mathématiques,17.2,14.57,14.82,9.27,12.72,11.7,11.73,17.91,13.18,0,0,0,Analyse financière;Organisation,Business;Finance;Sciences,Création d'un tableau financier,Manager;Commercial,Travail individuel;Bureau,FIC
215,Baccalauréat D,Mathématiques;Français;Économie,12.23,14.07,10.02,9.13,12.01,0,0,13.48,16.19,15.16,15.71,9.59,Organisation;Analyse financière,Business,Gestion d'un budget familial;Analyse des dépenses d'une entreprise;Projet personnel,Manager,Travail individuel;Entreprise;Bureau;Télétravail,FIC
216,Bac+1,Économie;Mathématiques;Français;Physique;Droit,19.52,0,0,0,13.57,13.57,0,14.58,12.12,0,0,10.91,Gestion financière;Organisation,Business,Création d'un tableau financier;Analyse des dépenses d'une entreprise,Entrepreneur;Manager;Chercheur,Entreprise;Travail individuel;Bureau,FIC
217,Bac+2,Gestion;Français;Économie,18.43,0,8.7,0,10.61,0,14.0,16.19,16.07,0,0,0,Analyse financière,Finance;Business,Création d'un tableau financier,Manager;Entrepreneur;Data Scientist,Travail individuel,FIC
218,Baccalauréat C,Économie;Français;Mathématiques;Physique,10.78,14.53,0,0,16.33,0,15.79,14.06,18.58,0,13.09,0,Organisation,Business;Droit,Analyse des dépenses d'une entreprise,Entrepreneur;Manager,Entreprise,FIC
219,Baccalauréat Technique,Gestion;Mathématiques,13.68,0,0,11.06,15.04,0,0,13.23,16.72,0,14.24,0,Comptabilité;Analyse financière;Architecture des ordinateurs,Finance;Technologie,Gestion d'un budget familial;Participation à une association,Comptable;Développeur logiciel,Entreprise;Administration,FIC
220,Bac+1,Gestion;Économie;Biologie;Technique,18.19,0,10.39,0,16.8,0,10.74,16.56,13.62,0,8.97,0,Comptabilité;Gestion financière;Organisation;Gestion d'exploitation,Finance;Communication,Gestion d'un budget familial,Manager,Bureau,FIC
221,Baccalauréat D,Économie;Français;Gestion;Mathématiques,13.27,13.5,0,11.14,16.95,14.35,0,16.9,15.9,0,0,0,Analyse financière;Gestion financière,Business;Agriculture,Analyse des dépenses d'une entreprise;Création d'un tableau financier,Manager;Comptable;Développeur logiciel,Bureau;Entreprise,FIC
222,Bac+3,Économie;Français;Mathématiques;Gestion;Physique,15.26,0,9.86,10.27,12.25,0,0,19.31,16.61,0,0,14.51,Analyse financière;Informatique industrielle,Finance;Business,Création d'un tableau financier;Participation à une association,Comptable;Entrepreneur,Travail individuel;Bureau;Entreprise,FIC
223,Bac+1,Mathématiques;Économie;Gestion,10.84,0,0,14.03,14.91,12.9,13.57,16.55,16.35,12.94,8.38,8.84,Organisation;Comptabilité;Automatisation,Finance;Business,Gestion d'un budget familial;Participation à une association,Manager,Entreprise;Travail individuel;Bureau,FIC
224,Bac+3,Mathématiques;Gestion;Français,18.51,0,11.57,12.22,16.44,0,13.85,12.54,12.15,0,0,0,Analyse financière;Gestion financière;Comptabilité;Management,Finance;Droit,Création d'un tableau financier;Gestion d'un budget familial,Comptable;Manager,Travail individuel;Entreprise,FIC
225,Baccalauréat C,Mathématiques;Gestion;Économie;Français;Anglais,15.53,9.31,14.96,0,14.83,0,15.15,11.25,16.01,15.42,11.45,12.02,Gestion financière;Comptabilité;Analyse financière;Analyse scientifique,Business,Gestion d'un budget familial;Création d'un tableau financier;Projet scolaire,Entrepreneur;Manager,Travail individuel;Entreprise,FIC
226,Baccalauréat C,Mathématiques;Gestion,14.53,0,15.06,0,14.2,14.59,0,13.74,14.09,0,8.02,15.26,Organisation;Gestion financière;Analyse financière,Finance,Gestion d'un budget familial;Participation à une association,Comptable,Entreprise;Bureau;Laboratoire,FIC
227,Bac+2,Mathématiques;Économie;Technique,13.94,0,8.14,0,12.77,0,0,15.1,16.33,0,12.37,0,Gestion financière;Analyse financière;Gestion commerciale,Business;Finance;Technologie,Gestion d'un budget familial,Entrepreneur,Entreprise;Bureau,FIC
228,Baccalauréat C,Gestion;Français;Mathématiques;Économie;Chimie,19.74,0,0,15.67,14.36,0,0,14.22,17.36,12.16,12.9,11.64,Gestion financière;Comptabilité,Finance;Business,Analyse des dépenses d'une entreprise;Gestion d'un budget familial,Comptable;Manager;Agronome,Entreprise,FIC
229,Baccalauréat D,Gestion;Français;Mathématiques,10.92,0,0,0,18.27,0,0,14.15,16.72,8.26,0,13.43,Organisation;Analyse financière,Business,Gestion d'un budget familial;Création d'un tableau financier,Entrepreneur;Comptable,Entreprise;Travail individuel,FIC
230,Bac+1,Économie;Mathématiques;Français,16.23,15.01,9.11,10.51,18.82,0,11.36,12.59,17.66,14.05,0,9.94,Gestion financière;Comptabilité;Analyse financière;Élevage,Finance;Business,Analyse des dépenses d'une entreprise;Création d'un tableau financier,Comptable,Bureau;Entreprise;Travail individuel,FIC
231,Bac+2,Économie;Mathématiques;Gestion,17.37,9.64,13.92,0,14.38,0,10.49,15.96,16.0,8.0,0,8.77,Comptabilité,Business;Finance,Création d'un tableau financier;Analyse des dépenses d'une entreprise,Entrepreneur,Travail individuel;Entreprise;Bureau,FIC
232,Baccalauréat D,Français;Mathématiques,14.71,0,0,0,14.74,0,0,15.77,14.67,11.4,11.66,0,Gestion financière;Programmation,Finance;Business,Analyse des dépenses d'une entreprise;Création d'un tableau financier,Manager,Bureau;Entreprise;Travail individuel,FIC
233,Baccalauréat Technique,Français;Gestion;Économie;Mathématiques,15.97,0,11.15,0,15.57,0,0,17.63,17.02,10.59,0,12.94,Comptabilité;Organisation;Technologies alimentaires,Finance;Business,Analyse des dépenses d'une entreprise;Création d'un tableau financier,Entrepreneur,Bureau,FIC
234,Bac+1,Mathématiques;Gestion;Français;Chimie;Droit,17.31,0,0,13.59,16.72,0,10.02,13.91,11.94,0,0,12.66,Comptabilité;Organisation;Gestion financière,Business,Création d'un tableau financier;Projet personnel,Comptable;Entrepreneur,Travail individuel;Entreprise,FIC
235,Bac+3,Mathématiques;Français;Chimie,13.99,0,11.99,12.32,13.83,14.63,10.86,15.95,14.13,12.14,0,12.95,Comptabilité;Gestion financière;Analyse financière,Finance;Business,Gestion d'un budget familial;Création d'un tableau financier,Comptable,Entreprise;Bureau;Travail individuel,FIC
236,Bac+1,Mathématiques;Français;Gestion;Économie,14.04,0,0,8.33,12.5,0,10.43,19.47,10.38,0,0,0,Comptabilité;Gestion financière,Business;Finance,Analyse des dépenses d'une entreprise;Gestion d'un budget familial;Projet scolaire,Manager;Comptable,Bureau,FIC
237,Bac+3,Français;Gestion,18.9,0,0,13.76,15.22,9.44,10.8,15.03,14.48,0,8.61,12.35,Gestion financière;Comptabilité,Business;Finance,Analyse des dépenses d'une entreprise,Entrepreneur;Comptable;Ingénieur,Travail individuel;Entreprise;Bureau;Environnement industriel,FIC
238,Bac+2,Français;Gestion;Mathématiques;Économie,11.27,14.11,0,14.69,14.27,15.72,14.84,12.39,14.29,11.03,0,0,Gestion financière;Comptabilité;Analyse financière,Business;Finance,Analyse des dépenses d'une entreprise;Création d'un tableau financier,Comptable,Travail individuel;Entreprise;Bureau,FIC
239,Baccalauréat D,Économie;Mathématiques;Français;Gestion,16.14,14.4,0,10.0,14.78,12.92,13.27,18.34,14.21,0,10.12,11.7,Comptabilité;Analyse financière;Gestion d'exploitation,Finance;Business;Communication,Analyse des dépenses d'une entreprise;Création d'un tableau financier,Comptable;Manager,Entreprise;Travail individuel;Bureau,FIC
240,Bac+1,Mathématiques;Gestion;Économie;Français;Technique;Biologie,14.39,15.61,0,0,13.9,0,0,11.32,12.94,8.62,12.56,0,Organisation;Comptabilité;Analyse financière,Finance,Création d'un tableau financier;Analyse des dépenses d'une entreprise,Manager;Entrepreneur,Entreprise;Bureau,FIC
241,Baccalauréat C,Français;Anglais;Droit,0,0,0,0,17.34,16.45,14.1,0,0,20,17.88,0,Utilisation des outils informatiques;Communication;Analyse juridique,Droit;Communication;Business,Participation à un débat juridique,Manager,Bureau;Administration,DTJA
242,Baccalauréat Technique,Histoire-Géographie;Droit;Anglais;Français;Physique;Chimie,0,0,11.35,0,15.52,16.72,12.68,10.08,10.51,12.38,18.49,0,Rédaction,Droit;Finance,Participation à un débat juridique;Recherche sur un problème juridique;Projet scolaire,Chercheur;Technicien,Travail individuel,DTJA
243,Baccalauréat Technique,Anglais;Français;Histoire-Géographie,10.35,14.6,12.87,13.78,14.59,19.8,0,0,14.06,17.5,17.0,0,Analyse juridique;Utilisation des outils informatiques;Communication,Business;Communication,Recherche sur un problème juridique;Rédaction d'un exposé juridique,Chercheur,Bureau;Administration,DTJA
244,Bac+3,Histoire-Géographie;Français;Anglais,0,0,12.15,0,14.14,12.24,11.51,0,15.34,19.32,18.55,9.65,Rédaction;Analyse juridique;Communication,Business;Droit;Communication,Rédaction d'un exposé juridique,Technicien;Manager,Administration;Bureau,DTJA
245,Bac+1,Droit;Histoire-Géographie,9.09,13.35,0,0,15.47,11.15,11.63,0,0,13.54,15.53,13.64,Communication;Analyse juridique;Utilisation des outils informatiques,Droit;Business;Communication,Participation à un débat juridique;Participation à une association,Manager,Administration;Travail individuel;Bureau;Entreprise,DTJA
246,Baccalauréat Technique,Histoire-Géographie;Français;Droit;Anglais,0,0,13.5,0,14.84,14.48,0,0,0,18.26,15.78,0,Utilisation des outils informatiques;Rédaction;Analyse juridique;Technologies numériques,Communication;Business,Recherche sur un problème juridique;Participation à un débat juridique,Technicien;Chercheur,Travail individuel;Bureau,DTJA
247,Bac+2,Droit;Anglais;Français;Technique,14.81,12.5,13.4,14.47,13.72,12.51,13.09,11.58,15.0,16.72,15.02,0,Analyse juridique,Communication;Informatique,Participation à un débat juridique;Recherche sur un problème juridique,Manager,Travail individuel,DTJA
248,Baccalauréat Technique,Anglais;Français,9.72,0,0,8.16,16.1,14.57,10.41,14.18,10.18,14.27,14.52,0,Analyse juridique;Utilisation des outils informatiques;Techniques de vente,Business;Communication;Droit;Tourisme,Recherche sur un problème juridique,Chercheur;Manager,Travail individuel;Bureau,DTJA
249,Bac+3,Français;Histoire-Géographie,0,11.44,11.25,10.28,16.5,16.76,0,0,0,16.32,13.58,0,Communication;Rédaction,Communication;Business;Droit,Recherche sur un problème juridique,Manager,Bureau,DTJA
250,Baccalauréat Technique,Histoire-Géographie;Français;Droit;Biologie,0,13.51,0,0,12.55,15.57,0,0,11.69,15.39,17.74,0,Analyse juridique;Rédaction;Accueil,Business,Recherche sur un problème juridique,Chercheur,Bureau;Administration;Télétravail,DTJA
251,Baccalauréat D,Français;Histoire-Géographie;Droit;Anglais,0,0,13.2,12.19,13.99,16.62,11.7,0,0,18.16,13.17,0,Communication,Communication;Agriculture,Participation à un débat juridique;Recherche sur un problème juridique;Projet scolaire,Manager;Chercheur;Ingénieur,Bureau;Travail individuel;Administration,DTJA
252,Bac+1,Français;Droit;Histoire-Géographie;Anglais,14.14,0,0,0,13.88,11.59,12.51,12.18,0,14.89,17.84,0,Utilisation des outils informatiques;Analyse juridique;Communication;Communication touristique,Droit,Recherche sur un problème juridique;Projet scolaire,Chercheur;Technicien;Ingénieur,Travail individuel;Administration,DTJA
253,Bac+1,Histoire-Géographie;Anglais;Gestion,14.71,8.63,0,9.33,15.05,12.82,13.56,8.96,0,14.71,19.05,0,Utilisation des outils informatiques;Analyse juridique,Communication,Recherche sur un problème juridique,Chercheur,Bureau;Administration,DTJA
254,Bac+2,Anglais;Français,0,15.97,0,8.46,13.57,16.43,0,0,14.0,16.34,12.29,0,Rédaction;Communication;Analyse juridique,Droit,Recherche sur un problème juridique,Manager;Ingénieur,Bureau;Travail individuel,DTJA
255,Baccalauréat S,Histoire-Géographie;Anglais;Droit,0,14.7,0,14.6,16.29,12.5,9.59,0,13.97,15.04,13.22,12.55,Analyse juridique;Communication;Rédaction;Analyse financière,Business;Informatique,Recherche sur un problème juridique,Technicien,Travail individuel,DTJA
256,Baccalauréat S,Histoire-Géographie;Anglais;Français;Droit;Biologie;Physique,12.52,14.68,9.59,0,13.53,12.15,14.18,0,0,14.89,18.33,12.55,Utilisation des outils informatiques;Rédaction;Communication;Techniques agricoles,Business;Communication;Droit,Rédaction d'un exposé juridique,Chercheur;Technicien,Bureau;Administration;Travail individuel,DTJA
257,Bac+1,Droit;Anglais;Français,0,0,11.37,13.18,14.71,13.94,8.17,0,0,15.41,16.15,10.99,Utilisation des outils informatiques;Communication,Droit,Rédaction d'un exposé juridique,Technicien;Manager,Travail individuel;Environnement industriel,DTJA
258,Bac+2,Histoire-Géographie;Anglais;Français;Droit,0,8.72,0,10.77,14.45,14.85,10.46,14.86,13.79,13.42,14.68,8.8,Utilisation des outils informatiques;Communication;Analyse juridique,Communication;Business;Droit,Rédaction d'un exposé juridique;Projet scolaire,Manager;Technicien,Administration;Travail individuel;Bureau,DTJA
259,Bac+2,Français;Droit;Anglais;Histoire-Géographie;Mathématiques,0,0,0,0,11.67,13.23,13.23,10.28,14.57,14.52,13.27,0,Utilisation des outils informatiques,Business;Droit,Recherche sur un problème juridique;Participation à un débat juridique,Technicien;Manager;Développeur logiciel,Bureau;Administration,DTJA
260,Bac+1,Français;Anglais;Histoire-Géographie;Droit,0,0,0,9.43,15.96,15.58,15.59,0,12.12,17.61,14.7,14.94,Communication;Analyse juridique,Communication;Business;Droit,Recherche sur un problème juridique;Rédaction d'un exposé juridique;Participation à une association,Chercheur;Manager,Bureau;Travail individuel;Administration,DTJA
261,Baccalauréat C,Droit;Français;Anglais;Histoire-Géographie,9.16,0,0,11.66,17.84,19.62,0,0,10.61,12.97,18.0,12.1,Analyse juridique;Rédaction;Communication,Droit,Participation à un débat juridique;Recherche sur un problème juridique,Chercheur;Technicien,Travail individuel;Bureau,DTJA
262,Bac+1,Droit;Français;Histoire-Géographie;Chimie;Anglais,0,11.19,10.28,9.66,17.65,13.73,0,0,9.8,15.25,16.95,0,Utilisation des outils informatiques;Communication,Communication;Business;Droit,Rédaction d'un exposé juridique;Participation à un débat juridique;Projet personnel,Chercheur;Technicien,Administration;Bureau,DTJA
263,Baccalauréat S,Droit;Anglais,13.98,0,14.01,0,13.51,16.32,0,14.12,0,15.05,17.63,0,Analyse juridique;Utilisation des outils informatiques,Droit,Recherche sur un problème juridique,Technicien;Manager,Administration,DTJA
264,Bac+3,Anglais;Droit;Français,0,0,0,0,14.21,15.83,15.4,14.99,8.03,18.41,17.01,12.64,Utilisation des outils informatiques;Rédaction;Agri-business,Droit;Business;Communication,Recherche sur un problème juridique;Rédaction d'un exposé juridique,Technicien,Bureau;Administration;Travail individuel,DTJA
265,Bac+3,Droit;Anglais;Français;Histoire-Géographie,0,11.78,0,9.06,10.53,15.53,0,9.94,11.69,17.46,18.95,0,Utilisation des outils informatiques,Droit,Participation à un débat juridique;Rédaction d'un exposé juridique,Manager,Travail individuel;Bureau;Administration,DTJA
266,Baccalauréat D,Français;Histoire-Géographie;Anglais;Droit;Technique;Informatique,0,14.78,0,0,18.0,15.15,9.94,0,10.64,16.22,17.64,0,Communication;Utilisation des outils informatiques,Business;Communication,Recherche sur un problème juridique;Participation à une association,Chercheur,Administration;Travail individuel;Bureau,DTJA
267,Baccalauréat D,Anglais;Histoire-Géographie;Droit;Français;Chimie;Physique,0,0,9.82,0,14.17,11.71,0,0,0,16.91,18.73,0,Communication;Utilisation des outils informatiques;Rédaction,Business;Droit,Recherche sur un problème juridique;Rédaction d'un exposé juridique,Technicien,Bureau;Administration,DTJA
268,Bac+2,Français;Anglais;Droit;Mathématiques,0,0,0,0,12.28,15.78,10.64,12.43,0,18.37,16.07,0,Rédaction;Technologies alimentaires,Business,Recherche sur un problème juridique,Chercheur;Technicien,Travail individuel;Administration;Environnement industriel,DTJA
269,Bac+1,Histoire-Géographie;Anglais,12.69,0,0,0,16.12,14.69,8.67,12.34,11.9,16.03,15.67,0,Rédaction;Communication;Utilisation des outils informatiques,Communication;Business,Rédaction d'un exposé juridique,Technicien;Manager,Bureau;Administration;Travail individuel,DTJA
270,Bac+3,Droit;Français;Anglais,15.79,0,8.52,10.44,17.55,16.25,14.23,0,12.01,14.31,11.97,0,Rédaction;Utilisation des outils informatiques;Analyse juridique;Gestion de projets de construction,Droit,Rédaction d'un exposé juridique,Technicien;Manager,Bureau;Administration,DTJA
271,Baccalauréat S,Anglais;Français;Histoire-Géographie;Économie,11.4,11.34,0,15.75,15.75,19.3,13.63,13.73,10.99,15.49,14.47,9.72,Utilisation des outils informatiques;Rédaction;Analyse juridique;Art culinaire,Business;Communication,Recherche sur un problème juridique;Rédaction d'un exposé juridique,Chercheur;Manager,Administration;Bureau;Travail individuel;Terrain,DTJA
272,Baccalauréat Technique,Anglais;Histoire-Géographie;Droit;Français,0,15.82,0,0,17.9,15.97,10.62,0,0,17.02,14.77,0,Communication;Rédaction;Utilisation des outils informatiques,Droit,Rédaction d'un exposé juridique,Technicien,Administration;Bureau;Travail en équipe,DTJA
273,Baccalauréat C,Droit;Français;Anglais,0,11.5,12.03,0,16.95,16.3,0,0,0,17.08,18.6,15.38,Rédaction;Analyse juridique;Utilisation des outils informatiques,Communication;Droit,Recherche sur un problème juridique,Manager;Technicien,Travail individuel;Administration;Terrain,DTJA
274,Baccalauréat Technique,Histoire-Géographie;Droit;Informatique,0,0,0,0,14.9,19.57,0,0,9.19,12.3,17.45,9.02,Analyse juridique;Rédaction,Business;Finance,Rédaction d'un exposé juridique,Chercheur,Bureau,DTJA
275,Baccalauréat S,Droit;Français;Informatique;Économie,11.51,14.17,0,15.75,15.64,13.83,15.53,0,15.96,13.44,12.83,0,Analyse juridique;Rédaction;Utilisation des outils informatiques;Valorisation du patrimoine,Communication;Droit,Recherche sur un problème juridique;Rédaction d'un exposé juridique,Chercheur;Technicien,Administration;Bureau,DTJA
276,Baccalauréat D,Anglais;Français;Droit;Histoire-Géographie,9.25,0,0,14.42,18.17,14.1,9.38,0,0,18.1,15.05,9.3,Rédaction;Utilisation des outils informatiques,Communication;Business;Agriculture,Recherche sur un problème juridique;Rédaction d'un exposé juridique;Projet scolaire,Chercheur;Manager,Travail individuel;Bureau;Administration;Terrain,DTJA
277,Bac+1,Droit;Français;Gestion,0,0,0,12.83,15.22,16.88,13.25,12.91,0,16.24,16.0,9.04,Rédaction,Droit;Communication;Business,Recherche sur un problème juridique,Technicien,Travail individuel;Administration,DTJA
278,Baccalauréat Technique,Anglais;Français;Histoire-Géographie;Droit,0,0,15.25,8.38,12.01,11.01,0,10.58,0,14.45,17.45,0,Rédaction;Utilisation des outils informatiques,Communication;Droit;Business,Rédaction d'un exposé juridique;Recherche sur un problème juridique,Technicien;Manager,Administration;Travail individuel;Bureau,DTJA
279,Baccalauréat S,Français;Anglais;Droit;Histoire-Géographie;Physique,13.7,10.78,0,0,19.99,16.65,0,0,0,13.91,15.55,0,Rédaction;Communication;Analyse juridique,Business;Droit,Rédaction d'un exposé juridique;Projet personnel,Technicien,Bureau;Travail individuel;Administration,DTJA
280,Bac+1,Droit;Histoire-Géographie;Biologie;Économie,0,15.51,10.01,0,16.02,18.0,11.28,14.58,0,19.12,14.99,0,Rédaction;Analyse juridique,Droit,Recherche sur un problème juridique;Rédaction d'un exposé juridique;Projet personnel,Chercheur,Administration;Travail individuel;Bureau,DTJA
281,Baccalauréat D,Mathématiques;Français;Économie;Biologie,17.37,0,15.04,0,18.26,0,14.7,14.35,9.35,18.15,0,12.18,Gestion de projet;Électromécanique,Finance;Communication;Business;Droit,Étude économique d'une entreprise;Organisation d'un événement,Entrepreneur;Chercheur,Bureau;Travail en équipe,EMP
282,Bac+3,Histoire-Géographie;Mathématiques;Économie;Français;Technique;Biologie,16.19,0,0,0,10.74,0,0,11.02,0,14.04,0,0,Analyse économique;Management,Finance;Business,Étude économique d'une entreprise;Gestion d'un projet scolaire,Manager,Bureau;Entreprise,EMP
283,Baccalauréat S,Histoire-Géographie;Économie;Anglais;Technique,16.96,8.38,0,0,15.15,14.17,0,13.74,14.52,18.92,12.93,0,Gestion de projet,Communication;Intelligence artificielle,Étude économique d'une entreprise;Organisation d'un événement,Manager;Entrepreneur,Entreprise;Travail en équipe,EMP
284,Baccalauréat D,Économie;Histoire-Géographie,17.58,0,0,0,15.02,0,8.72,17.53,10.11,16.69,15.37,15.65,Analyse économique;Management,Business;Communication,Gestion d'un projet scolaire;Organisation d'un événement,Manager,Travail en équipe;Bureau;Environnement international,EMP
285,Baccalauréat C,Histoire-Géographie;Économie;Technique;Informatique,16.29,0,0,0,19.24,0,0,16.01,15.2,17.06,15.66,14.88,Management;Gestion de projet;Analyse économique;Utilisation des outils informatiques,Communication;Finance;Business;Informatique,Étude économique d'une entreprise;Gestion d'un projet scolaire,Entrepreneur,Travail en équipe;Entreprise;Bureau,EMP
286,Bac+3,Histoire-Géographie;Français;Mathématiques;Économie,14.52,15.64,10.02,0,12.86,14.11,11.17,15.37,0,12.87,0,0,Management;Gestion de projet,Finance;Business;Communication,Étude économique d'une entreprise;Gestion d'un projet scolaire,Chercheur;Entrepreneur,Bureau;Travail en équipe;Entreprise,EMP
287,Baccalauréat C,Économie;Mathématiques,13.51,15.57,0,0,14.16,0,10.75,12.17,0,17.52,11.21,15.89,Analyse économique;Management;Gestion de projet,Finance;Business;Communication,Étude économique d'une entreprise,Manager,Bureau;Travail en équipe;Entreprise,EMP
288,Baccalauréat S,Français;Mathématiques;Histoire-Géographie;Économie,15.4,0,13.47,10.99,13.04,0,0,16.71,12.98,19.61,0,15.47,Analyse économique;Management,Communication;Business;Finance,Étude économique d'une entreprise,Chercheur;Entrepreneur,Travail en équipe,EMP
289,Bac+3,Français;Mathématiques;Anglais,14.95,15.86,0,0,17.35,0,0,13.49,0,16.54,0,0,Management;Prise de décision;Gestion de projet;Tourisme,Finance,Organisation d'un événement;Étude économique d'une entreprise,Manager;Entrepreneur;Professionnel du tourisme,Travail en équipe;Entreprise,EMP
290,Baccalauréat D,Mathématiques;Français;Histoire-Géographie,14.49,0,0,0,16.84,10.42,15.71,14.03,0,16.79,10.97,0,Analyse économique,Business,Étude économique d'une entreprise,Chercheur,Bureau,EMP
291,Baccalauréat Technique,Mathématiques;Économie;Histoire-Géographie;Français,16.98,11.12,15.34,9.25,16.39,15.38,0,18.32,15.52,18.03,8.08,0,Gestion de projet;Analyse économique,Finance;Business,Gestion d'un projet scolaire;Organisation d'un événement;Projet personnel,Manager,Bureau,EMP
292,Baccalauréat D,Économie;Français;Anglais;Gestion,13.0,0,14.09,15.08,11.6,0,12.15,12.37,8.3,12.7,0,11.49,Prise de décision;Gestion de projet;Procédés industriels,Communication,Gestion d'un projet scolaire,Chercheur;Commercial,Entreprise;Bureau,EMP
293,Bac+1,Mathématiques;Économie;Français;Histoire-Géographie,14.05,0,13.77,11.52,17.77,9.29,0,12.41,12.14,13.35,0,8.31,Management;Accueil,Business;Finance;Communication,Étude économique d'une entreprise,Chercheur,Travail en équipe;Entreprise,EMP
294,Bac+2,Histoire-Géographie;Français;Mathématiques,15.23,0,0,0,13.33,9.16,0,15.4,0,16.95,14.44,11.68,Management;Prise de décision;Analyse économique,Business;Finance,Organisation d'un événement;Étude économique d'une entreprise,Entrepreneur;Chercheur,Entreprise;Bureau;Travail en équipe,EMP
295,Bac+3,Économie;Français,17.76,0,0,13.15,11.92,13.22,14.66,17.45,9.74,14.02,12.14,11.54,Management;Prise de décision;Analyse économique;Technologies numériques,Communication;Business;Finance,Gestion d'un projet scolaire,Manager;Chercheur,Entreprise;Bureau,EMP
296,Bac+3,Mathématiques;Histoire-Géographie,12.39,0,13.95,0,12.14,0,15.24,14.2,10.43,15.53,0,8.95,Prise de décision;Analyse économique;Management,Communication;Business,Organisation d'un événement;Projet scolaire,Entrepreneur,Bureau;Travail en équipe,EMP
297,Bac+2,Histoire-Géographie;Français;Mathématiques,20,0,0,0,15.63,10.4,9.2,19.52,0,17.21,0,0,Gestion de projet,Business;Finance,Organisation d'un événement;Gestion d'un projet scolaire,Entrepreneur,Bureau,EMP
298,Baccalauréat D,Français;Économie;Histoire-Géographie;Droit,15.45,14.98,0,12.59,12.71,0,13.56,13.31,12.1,17.87,0,10.77,Management;Prise de décision;Analyse financière,Communication;Business,Étude économique d'une entreprise;Gestion d'un projet scolaire;Projet scolaire,Manager;Data Scientist,Bureau,EMP
299,Baccalauréat C,Mathématiques;Histoire-Géographie,15.95,0,12.66,0,18.65,13.32,0,10.96,0,16.39,0,11.46,Management;Analyse économique;Gestion de projet,Finance;Business,Étude économique d'une entreprise,Entrepreneur,Travail en équipe;Bureau;Entreprise;Administration,EMP
300,Baccalauréat Technique,Économie;Histoire-Géographie;Technique;Informatique,17.36,9.5,15.94,13.08,16.26,0,11.41,18.26,0,18.29,14.03,8.5,Analyse économique;Gestion de projet,Business;Finance;Communication,Étude économique d'une entreprise;Organisation d'un événement,Chercheur,Entreprise;Travail en équipe,EMP
301,Bac+3,Histoire-Géographie;Économie;Français;Informatique;Technique,13.72,11.72,0,0,19.45,0,0,13.35,0,12.63,10.53,0,Management;Prise de décision;Gestion de projet;Utilisation des outils informatiques,Business;Communication;Finance;Agriculture,Organisation d'un événement;Gestion d'un projet scolaire,Manager,Entreprise,EMP
302,Baccalauréat Technique,Français;Mathématiques;Histoire-Géographie;Économie,14.95,0,0,0,12.6,0,0,14.28,0,13.94,0,0,Management;Prise de décision;Gestion de projet,Communication;Business,Organisation d'un événement;Étude économique d'une entreprise,Entrepreneur,Bureau;Travail en équipe,EMP
303,Baccalauréat D,Économie;Histoire-Géographie,19.52,0,0,0,13.22,0,0,19.76,0,17.53,0,0,Prise de décision,Finance,Organisation d'un événement,Manager;Entrepreneur,Entreprise;Bureau;Travail en équipe,EMP
304,Bac+1,Économie;Histoire-Géographie;Mathématiques,11.35,12.97,0,0,17.92,15.07,14.49,15.29,0,12.05,0,0,Gestion de projet;Analyse économique;Management,Finance,Organisation d'un événement;Projet personnel,Manager;Entrepreneur,Entreprise,EMP
305,Bac+3,Histoire-Géographie;Économie;Gestion,14.83,0,9.03,0,14.65,0,10.52,16.8,0,15.66,14.69,10.26,Analyse économique;Gestion de projet;Prise de décision,Business;Finance;Communication,Gestion d'un projet scolaire;Projet scolaire,Manager,Entreprise;Bureau,EMP
306,Bac+1,Histoire-Géographie;Économie,16.04,9.24,0,0,13.21,0,9.91,16.38,14.74,11.54,9.86,14.96,Gestion de projet;Management;Prise de décision,Finance;Business;Communication,Étude économique d'une entreprise;Gestion d'un projet scolaire;Projet personnel,Manager,Bureau;Entreprise,EMP
307,Baccalauréat D,Économie;Histoire-Géographie;Mathématiques,18.84,12.45,0,9.61,15.15,10.08,10.28,12.89,0,14.9,8.33,0,Management;Analyse économique;Prise de décision,Business;Finance;Communication,Étude économique d'une entreprise,Manager;Chercheur,Bureau,EMP
308,Bac+2,Histoire-Géographie;Français;Économie,15.74,0,0,0,17.77,0,8.86,10.14,8.09,11.65,13.83,0,Analyse économique,Business;Finance;Communication;Sciences,Organisation d'un événement,Entrepreneur;Ingénieur,Bureau,EMP
309,Bac+1,Mathématiques;Économie;Histoire-Géographie;Français;Anglais;Technique,17.83,0,13.62,0,15.08,13.42,11.98,16.84,0,13.66,14.16,10.25,Management;Prise de décision;Comptabilité,Business,Étude économique d'une entreprise;Projet personnel,Chercheur;Entrepreneur,Travail en équipe;Bureau;Entreprise,EMP
310,Baccalauréat S,Histoire-Géographie;Économie;Mathématiques;Technique,14.69,0,12.64,15.87,15.27,0,0,15.89,0,11.66,15.4,0,Management;Analyse économique,Business;Finance;Communication,Gestion d'un projet scolaire,Manager;Entrepreneur,Travail en équipe;Bureau;Entreprise,EMP
311,Baccalauréat C,Économie;Français;Mathématiques;Histoire-Géographie,15.72,15.5,0,0,12.89,14.01,13.12,16.48,0,11.13,0,0,Prise de décision;Analyse des systèmes,Finance;Business;Communication,Étude économique d'une entreprise,Manager;Comptable,Bureau;Atelier,EMP
312,Baccalauréat S,Histoire-Géographie;Mathématiques;Économie,14.02,0,11.0,12.95,18.38,0,0,18.11,10.05,16.43,0,0,Gestion de projet;Prise de décision,Finance;Santé,Organisation d'un événement,Manager,Travail en équipe;Bureau;Entreprise,EMP
313,Baccalauréat D,Histoire-Géographie;Mathématiques;Gestion;Français,14.11,0,0,0,12.45,9.45,12.52,17.22,0,12.05,0,11.61,Analyse économique;Environnement,Business;Communication,Gestion d'un projet scolaire,Manager,Travail en équipe;Bureau;Entreprise;Environnement industriel,EMP
314,Baccalauréat C,Histoire-Géographie;Mathématiques;Économie,16.21,9.06,0,0,12.37,0,13.67,17.04,0,12.66,13.62,8.7,Gestion de projet;Management;Prise de décision,Business;Droit,Étude économique d'une entreprise;Projet scolaire,Chercheur;Entrepreneur,Bureau;Travail en équipe,EMP
315,Baccalauréat C,Mathématiques;Histoire-Géographie;Français;Économie;Droit;Physique,14.53,12.2,12.24,14.49,13.01,0,13.31,13.83,12.42,17.63,13.34,0,Analyse économique,Communication;Tourisme,Étude économique d'une entreprise;Organisation d'un événement,Entrepreneur;Manager,Entreprise,EMP
316,Baccalauréat S,Français;Économie,15.06,0,0,0,17.28,12.79,14.18,12.74,8.68,16.0,0,11.15,Gestion de projet;Management,Finance;Communication;Business,Étude économique d'une entreprise;Gestion d'un projet scolaire,Chercheur,Travail en équipe;Bureau,EMP
317,Baccalauréat D,Français;Histoire-Géographie;Mathématiques;Anglais,14.96,14.61,0,10.11,15.51,0,0,14.3,13.5,14.61,14.38,0,Analyse économique,Communication;Business;Intelligence artificielle,Étude économique d'une entreprise,Manager;Entrepreneur,Travail en équipe;Entreprise,EMP
318,Baccalauréat D,Mathématiques;Économie;Histoire-Géographie,19.31,9.51,0,0,17.19,0,12.54,11.42,15.85,15.72,8.96,10.89,Analyse économique,Business;Finance;Communication,Gestion d'un projet scolaire;Étude économique d'une entreprise,Manager;Professionnel du tourisme,Entreprise;Travail en équipe;Bureau,EMP
319,Baccalauréat Technique,Français;Histoire-Géographie;Économie;Mathématiques;Gestion;Droit,14.94,0,12.93,0,13.88,0,11.89,14.38,11.68,11.77,8.86,10.47,Prise de décision;Management;Analyse économique;Élevage,Finance,Gestion d'un projet scolaire;Organisation d'un événement,Manager;Entrepreneur,Entreprise;Travail en équipe;Bureau,EMP
320,Baccalauréat C,Histoire-Géographie;Économie;Mathématiques;Français,16.75,14.3,10.51,9.99,12.78,0,0,14.35,13.58,16.31,10.76,11.93,Prise de décision;Management;Analyse économique,Business;Finance,Organisation d'un événement;Gestion d'un projet scolaire;Projet personnel,Manager,Bureau;Travail en équipe;Entreprise,EMP
321,Baccalauréat D,Biologie;Mathématiques,12.2,11.49,16.06,9.33,14.97,0,16.96,0,0,0,11.76,9.34,Contrôle qualité,Sciences,Projet de transformation alimentaire;Projet de production alimentaire,Entrepreneur;Technicien;Chercheur,Laboratoire,IAA
322,Baccalauréat Technique,Chimie;Mathématiques;Biologie,10.99,14.89,17.59,9.97,8.88,13.12,14.83,8.0,0,0,0,12.33,Gestion des procédés;Technologies alimentaires,Environnement;Agriculture,Projet de transformation alimentaire;Analyse de la qualité d'un produit alimentaire;Projet scolaire,Technicien,Environnement industriel;Laboratoire,IAA
323,Bac+1,Biologie;Chimie;Mathématiques;Anglais,15.47,0,16.53,0,0,14.35,13.02,0,0,11.19,0,9.64,Gestion des procédés,Agriculture,Analyse de la qualité d'un produit alimentaire,Manager;Entrepreneur,Laboratoire;Environnement industriel,IAA
324,Baccalauréat D,Mathématiques;Biologie;Chimie,14.14,8.81,16.99,12.08,0,11.59,14.76,10.61,14.41,0,0,0,Production agroalimentaire;Technologies alimentaires,Sciences;Environnement;Agriculture,Projet de production alimentaire;Analyse de la qualité d'un produit alimentaire;Projet scolaire,Entrepreneur,Laboratoire;Travail en équipe;Administration,IAA
325,Bac+3,Biologie;Mathématiques,15.12,0,15.72,8.3,0,0,15.43,13.38,13.36,0,13.82,11.75,Technologies alimentaires;Gestion des procédés,Agriculture;Santé;Environnement,Projet de transformation alimentaire,Manager;Entrepreneur,Environnement industriel;Travail en équipe;Laboratoire;Environnement international,IAA
326,Bac+3,Mathématiques;Chimie;Biologie,15.62,0,11.36,0,13.94,10.65,11.22,0,0,10.51,0,14.52,Gestion des procédés,Santé,Analyse de la qualité d'un produit alimentaire,Manager;Technicien,Environnement industriel,IAA
327,Bac+1,Biologie;Mathématiques,17.4,8.66,15.1,15.17,0,0,14.87,11.77,10.33,0,0,0,Technologies alimentaires;Gestion des procédés;Production agroalimentaire;Conception de logiciels,Sciences;Environnement,Projet de transformation alimentaire,Technicien,Laboratoire;Environnement industriel,IAA
328,Bac+2,Chimie;Biologie;Technique,15.82,0,15.32,10.27,10.71,11.78,17.0,13.23,0,15.44,0,0,Technologies alimentaires;Production agroalimentaire;Gestion des procédés,Agriculture;Sciences;Santé;Communication,Projet de transformation alimentaire,Technicien,Environnement industriel;Travail en équipe,IAA
329,Baccalauréat D,Biologie;Chimie;Mathématiques,17.03,0,15.01,0,0,11.13,12.29,0,0,14.5,0,0,Technologies alimentaires;Contrôle qualité;Production agroalimentaire,Environnement;Santé;Agriculture,Projet de transformation alimentaire,Manager,Environnement industriel;Laboratoire;Bureau,IAA
330,Bac+3,Biologie;Mathématiques;Chimie,16.99,0,12.25,0,0,0,12.76,0,0,0,0,0,Contrôle qualité;Gestion des procédés;Production agroalimentaire,Santé;Environnement;Agriculture;Intelligence artificielle,Analyse de la qualité d'un produit alimentaire,Manager,Environnement industriel;Laboratoire,IAA
331,Baccalauréat Technique,Biologie;Chimie;Mathématiques;Français,16.62,8.03,12.37,0,8.02,8.61,17.23,0,0,14.95,0,0,Production agroalimentaire;Contrôle qualité,Santé,Analyse de la qualité d'un produit alimentaire,Technicien;Entrepreneur;Développeur logiciel,Environnement industriel,IAA
332,Bac+1,Mathématiques;Chimie,15.15,10.06,12.89,0,14.12,15.98,17.02,9.24,15.5,0,14.16,0,Contrôle qualité;Production agroalimentaire,Sciences;Santé,Projet de production alimentaire;Projet de transformation alimentaire,Technicien;Manager,Laboratoire;Environnement industriel,IAA
333,Baccalauréat C,Chimie;Mathématiques;Biologie,12.51,0,15.01,0,0,10.72,15.74,12.1,0,9.52,0,0,Production agroalimentaire;Technologies alimentaires;Gestion des procédés,Environnement;Agriculture,Projet de transformation alimentaire;Projet de production alimentaire;Projet scolaire,Entrepreneur,Environnement industriel;Travail en équipe;Laboratoire,IAA
334,Baccalauréat C,Biologie;Mathématiques;Chimie,16.09,9.09,17.45,0,13.0,14.68,13.31,0,14.87,10.4,0,10.07,Contrôle qualité;Gestion des procédés,Sciences;Santé,Analyse de la qualité d'un produit alimentaire;Projet de production alimentaire,Manager,Laboratoire;Travail en équipe;Environnement industriel,IAA
335,Bac+1,Biologie;Chimie;Mathématiques,13.85,10.49,17.96,0,13.7,0,17.68,0,0,11.23,0,15.02,Technologies alimentaires;Analyse,Sciences;Technologie,Projet de transformation alimentaire,Manager,Travail en équipe;Laboratoire,IAA
336,Baccalauréat Technique,Mathématiques;Biologie;Technique;Chimie,13.86,13.67,15.32,0,0,0,12.39,14.36,0,12.38,9.69,0,Technologies alimentaires,Environnement;Santé,Projet de production alimentaire,Entrepreneur,Travail en équipe;Environnement industriel;Laboratoire,IAA
337,Baccalauréat Technique,Chimie;Biologie,17.12,0,16.92,0,10.0,8.58,16.71,8.9,9.68,13.57,10.73,9.18,Production agroalimentaire;Contrôle qualité;Technologies alimentaires,Santé;Agriculture,Projet de transformation alimentaire,Entrepreneur,Laboratoire;Environnement industriel;Travail en équipe,IAA
338,Baccalauréat C,Biologie;Mathématiques,14.37,11.67,13.59,0,10.23,8.11,17.1,0,13.15,13.51,11.81,9.28,Gestion des procédés,Agriculture,Projet de transformation alimentaire;Projet de production alimentaire;Projet personnel,Entrepreneur;Manager,Travail en équipe;Environnement industriel,IAA
339,Bac+1,Chimie;Mathématiques;Biologie,18.27,0,16.1,0,0,11.98,13.84,14.15,0,10.73,0,13.86,Gestion des procédés;Contrôle qualité;Technologies alimentaires,Environnement;Santé;Agriculture;Technologie,Projet de transformation alimentaire,Manager;Entrepreneur,Environnement industriel;Travail en équipe;Laboratoire,IAA
340,Baccalauréat D,Chimie;Mathématiques,15.29,11.3,16.3,0,0,9.09,15.41,10.05,0,15.93,0,0,Production agroalimentaire,Sciences;Environnement,Projet de transformation alimentaire,Entrepreneur;Technicien,Travail en équipe;Laboratoire;Environnement industriel,IAA
341,Bac+2,Biologie;Mathématiques;Chimie,13.97,13.57,19.0,0,13.91,0,16.43,14.58,8.36,14.62,10.36,11.6,Contrôle qualité;Production agroalimentaire;Technologies alimentaires,Agriculture;Environnement;Santé,Projet de transformation alimentaire;Projet de production alimentaire,Manager,Environnement industriel;Bureau,IAA
342,Bac+3,Mathématiques;Chimie;Biologie,14.45,0,14.21,0,0,0,18.07,0,0,11.62,0,0,Contrôle qualité;Gestion des procédés;Technologies alimentaires;Électronique,Santé;Agriculture,Projet de production alimentaire,Technicien,Travail en équipe;Environnement industriel,IAA
343,Baccalauréat D,Chimie;Mathématiques,14.53,0,12.84,0,0,0,13.14,0,9.01,0,0,0,Contrôle qualité,Santé,Analyse de la qualité d'un produit alimentaire,Technicien;Entrepreneur,Laboratoire,IAA
344,Baccalauréat C,Chimie;Mathématiques,13.67,0,15.87,10.21,0,14.12,18.17,0,0,0,9.32,0,Production agroalimentaire;Gestion des procédés;Technologies alimentaires,Environnement,Projet de transformation alimentaire;Projet de production alimentaire,Manager;Entrepreneur,Travail en équipe;Environnement industriel;Laboratoire,IAA
345,Bac+2,Chimie;Biologie;Physique;Informatique,14.49,0,16.14,0,0,0,10.48,0,0,13.09,13.79,9.2,Production agroalimentaire;Gestion des procédés,Agriculture;Environnement,Analyse de la qualité d'un produit alimentaire,Entrepreneur,Travail en équipe,IAA
346,Bac+2,Mathématiques;Biologie;Chimie;Technique;Droit,17.25,13.0,18.04,0,8.52,8.38,12.5,0,12.45,0,13.0,14.86,Gestion des procédés,Agriculture,Projet de production alimentaire,Manager;Technicien;Architecte,Travail en équipe,IAA
347,Bac+1,Chimie;Mathématiques;Biologie,14.08,0,14.03,0,8.83,0,13.59,11.12,0,0,15.57,10.32,Contrôle qualité,Santé,Analyse de la qualité d'un produit alimentaire;Projet personnel,Entrepreneur;Développeur logiciel,Environnement industriel;Travail en équipe,IAA
348,Baccalauréat Technique,Mathématiques;Chimie;Droit;Technique,15.49,15.78,16.54,13.51,13.49,14.82,15.56,14.12,14.63,10.52,0,9.78,Production agroalimentaire;Techniques agricoles,Environnement;Santé;Agriculture,Projet de production alimentaire;Projet scolaire,Entrepreneur;Technicien,Environnement industriel,IAA
349,Baccalauréat Technique,Mathématiques;Chimie;Biologie,18.64,0,15.94,0,11.11,0,14.84,0,0,0,9.48,0,Production agroalimentaire,Sciences;Santé;Tourisme,Projet de transformation alimentaire,Manager;Entrepreneur,Travail en équipe;Laboratoire,IAA
350,Bac+3,Chimie;Mathématiques;Économie;Français,15.66,0,18.77,0,0,10.34,13.77,8.21,15.98,14.52,9.72,0,Production agroalimentaire;Comptabilité,Santé;Agriculture;Finance,Projet de production alimentaire,Technicien;Manager,Environnement industriel,IAA
351,Bac+3,Mathématiques;Biologie;Chimie;Physique;Informatique,11.28,0,10.3,15.92,0,11.12,15.7,0,9.23,0,13.96,9.4,Technologies alimentaires,Sciences;Agriculture,Analyse de la qualité d'un produit alimentaire,Entrepreneur;Manager,Travail en équipe;Laboratoire;Environnement industriel,IAA
352,Baccalauréat S,Biologie;Mathématiques;Chimie;Physique;Droit,16.22,14.9,18.79,0,9.7,0,14.25,10.96,0,14.58,0,0,Production agroalimentaire;Contrôle qualité;Technologies alimentaires,Environnement,Analyse de la qualité d'un produit alimentaire,Entrepreneur;Manager,Environnement industriel;Travail en équipe;Laboratoire,IAA
353,Baccalauréat S,Chimie;Biologie,16.38,12.52,15.24,0,0,0,19.43,0,14.71,0,14.24,0,Gestion des procédés;Technologies alimentaires,Environnement,Projet de production alimentaire,Entrepreneur;Technicien,Laboratoire;Environnement industriel;Entreprise,IAA
354,Bac+3,Chimie;Mathématiques;Technique;Économie,17.94,0,16.47,14.55,8.02,11.26,18.4,0,0,8.24,0,0,Technologies alimentaires;Gestion des procédés,Santé;Sciences,Projet de production alimentaire;Analyse de la qualité d'un produit alimentaire,Technicien;Entrepreneur,Laboratoire;Travail en équipe,IAA
355,Baccalauréat C,Chimie;Biologie;Mathématiques,16.46,12.7,18.46,15.19,0,0,14.37,13.34,0,0,0,15.99,Gestion des procédés,Sciences,Projet de transformation alimentaire;Projet de production alimentaire,Entrepreneur;Technicien,Laboratoire;Environnement industriel,IAA
356,Baccalauréat D,Mathématiques;Biologie;Chimie,17.53,0,18.59,0,10.95,0,15.65,12.79,8.47,0,0,0,Contrôle qualité;Technologies alimentaires;Agri-business,Sciences;Santé;Agriculture,Analyse de la qualité d'un produit alimentaire;Projet de transformation alimentaire,Manager;Ingénieur,Travail en équipe;Environnement industriel;Laboratoire,IAA
357,Baccalauréat D,Biologie;Mathématiques,17.14,0,12.58,0,12.36,8.09,19.14,8.81,0,8.9,0,12.11,Technologies alimentaires;Production agroalimentaire;Contrôle qualité,Santé;Agriculture;Sciences;Technologie,Projet de production alimentaire,Manager;Technicien,Travail en équipe,IAA
358,Baccalauréat Technique,Biologie;Mathématiques;Chimie;Physique,12.34,8.81,13.31,11.71,0,0,11.86,9.29,11.93,0,0,13.03,Gestion des procédés;Production agroalimentaire,Environnement;Santé,Projet de transformation alimentaire;Analyse de la qualité d'un produit alimentaire,Entrepreneur,Travail en équipe;Environnement international,IAA
359,Bac+1,Biologie;Mathématiques,16.02,0,16.67,0,15.42,11.83,14.24,0,0,0,0,0,Technologies alimentaires,Agriculture;Sciences,Projet de transformation alimentaire,Manager;Technicien;Développeur logiciel,Travail en équipe;Environnement industriel;Laboratoire,IAA
360,Bac+1,Mathématiques;Biologie;Chimie,16.75,0,15.46,12.54,0,0,18.24,0,0,12.99,0,0,Contrôle qualité;Aménagement,Sciences;Santé,Projet de production alimentaire,Entrepreneur;Manager,Travail en équipe;Laboratoire,IAA
361,Baccalauréat C,Mathématiques;Chimie;Biologie;Technique,17.38,0,13.16,15.39,12.35,11.82,17.61,15.47,0,8.62,0,0,Recherche pharmaceutique;Pharmacologie;Biotechnologie,Environnement,Projet de recherche pharmaceutique;Étude des propriétés d'une plante,Chercheur,Travail individuel,PIP
362,Baccalauréat D,Mathématiques;Chimie;Biologie,17.66,13.56,18.28,0,0,13.82,14.05,13.38,15.2,13.97,0,9.46,Recherche pharmaceutique;Pharmacologie;Biotechnologie;Gestion commerciale,Sciences;Santé;Environnement,Projet de recherche pharmaceutique,Technicien;Chercheur,Laboratoire,PIP
363,Baccalauréat C,Chimie;Biologie;Mathématiques,16.48,0,17.03,12.6,12.71,0,13.72,0,9.79,0,0,0,Biotechnologie;Pharmacologie;Python,Environnement;Sciences,Recherche sur une plante médicinale;Étude des propriétés d'une plante,Technicien;Chercheur;Data Scientist,Laboratoire,PIP
364,Bac+1,Mathématiques;Biologie;Chimie;Gestion;Anglais,11.78,0,12.65,11.63,10.62,13.83,16.18,0,0,0,0,11.41,Analyse scientifique;Recherche pharmaceutique,Santé;Environnement,Recherche sur une plante médicinale,Technicien,Travail individuel,PIP
365,Bac+1,Biologie;Chimie,13.72,0,16.41,0,0,0,18.97,15.64,0,0,14.03,0,Biotechnologie;Analyse scientifique;Techniques de vente,Environnement;Sciences,Projet de recherche pharmaceutique;Étude des propriétés d'une plante,Technicien;Chercheur,Laboratoire;Travail individuel,PIP
366,Baccalauréat S,Chimie;Biologie,14.35,8.32,12.32,0,0,0,11.5,0,0,0,10.61,9.67,Biotechnologie;Pharmacologie;Communication,Environnement;Sciences;Santé,Étude des propriétés d'une plante;Projet de recherche pharmaceutique,Technicien;Chercheur;Comptable,Travail individuel;Laboratoire,PIP
367,Baccalauréat Technique,Chimie;Mathématiques;Biologie;Français;Gestion,16.0,9.75,18.07,0,9.07,0,13.49,0,0,0,0,13.91,Pharmacologie,Santé;Environnement,Étude des propriétés d'une plante;Recherche sur une plante médicinale,Technicien;Chercheur,Laboratoire,PIP
368,Bac+1,Biologie;Mathématiques;Chimie,12.2,12.57,10.84,14.53,0,0,15.25,8.82,14.95,0,0,0,Analyse scientifique,Santé,Projet de recherche pharmaceutique,Chercheur,Laboratoire,PIP
369,Baccalauréat Technique,Mathématiques;Biologie,19.03,0,16.58,0,12.41,9.33,17.08,12.62,0,12.45,11.34,0,Recherche pharmaceutique;Biotechnologie;Pharmacologie;Valorisation du patrimoine,Sciences;Santé,Étude des propriétés d'une plante;Projet de recherche pharmaceutique,Chercheur;Technicien,Laboratoire;Travail individuel,PIP
370,Bac+1,Chimie;Mathématiques;Technique;Histoire-Géographie,18.66,0,14.47,0,15.61,0,13.7,13.4,0,10.91,0,0,Pharmacologie;Élevage,Sciences,Projet de recherche pharmaceutique;Étude des propriétés d'une plante,Technicien;Chercheur,Travail individuel;Laboratoire,PIP
371,Bac+2,Chimie;Mathématiques;Biologie;Anglais,18.44,0,17.71,8.53,0,9.68,18.41,0,9.19,0,0,0,Biotechnologie;Recherche pharmaceutique;Analyse scientifique;Communication,Sciences;Santé;Droit,Projet de recherche pharmaceutique,Chercheur;Technicien,Laboratoire;Travail individuel;Administration,PIP
372,Baccalauréat D,Mathématiques;Chimie,13.8,0,14.86,0,12.85,0,11.04,9.04,8.97,0,13.78,0,Recherche pharmaceutique;Analyse scientifique;Biotechnologie,Environnement;Santé;Sciences,Étude des propriétés d'une plante,Chercheur,Travail individuel;Laboratoire;Environnement industriel,PIP
373,Baccalauréat C,Chimie;Biologie;Gestion;Droit,12.36,13.32,16.57,9.03,0,0,15.85,0,0,0,13.94,0,Biotechnologie;Rédaction,Sciences;Santé;Environnement;Technologie,Recherche sur une plante médicinale,Technicien;Chercheur,Travail individuel;Laboratoire,PIP
374,Bac+2,Chimie;Mathématiques;Biologie;Physique,14.16,9.85,13.24,0,13.75,0,16.47,9.83,10.25,0,0,10.09,Analyse scientifique;Techniques agricoles,Santé;Environnement;Agriculture,Étude des propriétés d'une plante;Projet de recherche pharmaceutique,Technicien;Chercheur,Laboratoire;Travail individuel,PIP
375,Baccalauréat Technique,Biologie;Mathématiques;Chimie,16.81,0,14.47,0,8.35,8.95,15.25,14.45,0,9.84,10.21,0,Pharmacologie;Recherche pharmaceutique,Santé;Environnement;Sciences,Projet de recherche pharmaceutique;Projet personnel,Technicien,Laboratoire;Travail individuel,PIP
376,Bac+2,Chimie;Mathématiques;Biologie,11.73,14.96,14.55,10.4,0,13.63,12.69,12.25,0,11.41,10.03,8.96,Biotechnologie;Python,Environnement,Étude des propriétés d'une plante;Projet de recherche pharmaceutique,Chercheur;Technicien,Laboratoire,PIP
377,Bac+2,Chimie;Mathématiques;Biologie,14.33,10.64,16.93,0,12.71,0,11.88,13.24,0,0,0,13.72,Biotechnologie;Recherche pharmaceutique;Analyse scientifique,Environnement;Santé;Sciences,Étude des propriétés d'une plante,Technicien,Travail individuel;Laboratoire,PIP
378,Bac+1,Chimie;Biologie,17.77,12.45,13.6,8.8,10.29,11.84,12.65,10.58,13.9,0,0,0,Analyse scientifique;Biotechnologie;Pharmacologie,Environnement,Recherche sur une plante médicinale;Étude des propriétés d'une plante,Chercheur,Travail individuel,PIP
379,Baccalauréat Technique,Chimie;Mathématiques,16.93,0,15.13,0,0,0,16.22,13.61,0,0,0,0,Recherche pharmaceutique;Analyse scientifique;Biotechnologie;Gestion touristique,Environnement,Projet de recherche pharmaceutique;Recherche sur une plante médicinale,Technicien,Laboratoire;Travail individuel,PIP
380,Bac+3,Mathématiques;Chimie;Biologie,16.44,0,10.49,0,10.56,0,15.78,12.51,11.23,0,0,0,Recherche pharmaceutique;Biotechnologie;Pharmacologie,Environnement;Sciences;Santé,Projet de recherche pharmaceutique;Étude des propriétés d'une plante,Technicien;Data Scientist,Laboratoire,PIP
381,Baccalauréat D,Mathématiques;Biologie;Physique,15.45,11.9,17.68,0,13.78,14.23,16.35,0,0,10.34,12.84,13.12,Recherche pharmaceutique;Pharmacologie;Analyse scientifique,Sciences;Santé;Environnement,Recherche sur une plante médicinale;Projet de recherche pharmaceutique,Technicien;Chercheur,Travail individuel,PIP
382,Bac+1,Biologie;Chimie;Mathématiques,17.0,12.28,15.45,0,0,10.07,17.33,0,12.61,12.99,10.4,14.64,Pharmacologie;Recherche pharmaceutique;Analyse scientifique,Environnement,Recherche sur une plante médicinale,Chercheur;Technicien;Comptable,Travail individuel,PIP
383,Bac+1,Biologie;Mathématiques,18.3,15.65,16.73,12.93,13.2,0,15.41,0,14.76,0,0,0,Analyse scientifique;Biotechnologie;Recherche pharmaceutique,Environnement;Santé;Sciences,Projet de recherche pharmaceutique;Recherche sur une plante médicinale;Projet scolaire,Technicien;Chercheur,Laboratoire,PIP
384,Bac+1,Biologie;Mathématiques,16.05,0,15.95,0,12.95,15.44,13.69,0,10.72,10.51,0,12.91,Pharmacologie;Analyse scientifique;Recherche pharmaceutique,Environnement,Étude des propriétés d'une plante;Participation à une association,Technicien,Laboratoire,PIP
385,Bac+3,Chimie;Biologie;Mathématiques;Français;Informatique,14.26,8.45,13.13,0,0,9.09,15.79,10.35,11.0,0,0,0,Recherche pharmaceutique;Pharmacologie;Biotechnologie,Sciences;Environnement;Finance,Étude des propriétés d'une plante;Projet de recherche pharmaceutique,Technicien;Chercheur,Travail individuel;Laboratoire;Télétravail,PIP
386,Bac+3,Biologie;Chimie;Anglais,18.74,0,15.96,13.6,11.17,12.87,11.62,0,0,9.49,10.35,0,Recherche pharmaceutique;Pharmacologie,Sciences;Environnement;Informatique,Étude des propriétés d'une plante;Projet scolaire,Technicien,Laboratoire,PIP
387,Bac+1,Mathématiques;Biologie;Chimie;Physique;Informatique,15.17,13.69,16.53,0,12.76,0,16.2,14.42,15.95,10.1,14.5,13.84,Analyse scientifique;Comptabilité,Environnement,Étude des propriétés d'une plante;Recherche sur une plante médicinale,Chercheur;Technicien,Travail individuel,PIP
388,Baccalauréat C,Biologie;Chimie;Français;Droit,13.09,0,17.09,15.56,13.22,11.74,18.35,0,9.12,15.48,0,12.3,Recherche pharmaceutique;Biotechnologie;Analyse scientifique,Santé;Environnement,Étude des propriétés d'une plante;Projet scolaire,Chercheur;Technicien,Laboratoire;Travail individuel,PIP
389,Baccalauréat D,Chimie;Mathématiques;Biologie;Anglais;Physique,16.79,0,14.4,0,15.15,9.84,11.99,0,0,0,8.55,0,Recherche pharmaceutique;Biotechnologie;Analyse des systèmes,Sciences;Santé,Projet de recherche pharmaceutique;Étude des propriétés d'une plante,Chercheur;Technicien,Laboratoire;Travail individuel,PIP
390,Baccalauréat D,Mathématiques;Chimie;Biologie,18.0,0,14.82,12.29,0,0,13.96,12.98,0,0,0,0,Analyse scientifique;Pharmacologie;Biotechnologie,Santé;Sciences;Environnement,Projet de recherche pharmaceutique;Recherche sur une plante médicinale,Chercheur,Travail individuel;Laboratoire,PIP
391,Baccalauréat C,Mathématiques;Biologie,15.0,8.9,16.35,15.36,15.05,9.38,19.36,0,0,9.17,8.94,9.41,Analyse scientifique;Management,Sciences;Environnement,Recherche sur une plante médicinale,Technicien;Chercheur;Architecte,Laboratoire;Travail individuel,PIP
392,Baccalauréat C,Chimie;Mathématiques;Biologie,16.78,12.08,12.46,14.01,0,0,12.56,0,0,0,0,9.59,Recherche pharmaceutique,Santé;Environnement,Étude des propriétés d'une plante;Projet de recherche pharmaceutique,Technicien;Agronome,Travail individuel;Laboratoire,PIP
393,Bac+2,Chimie;Biologie,12.18,14.73,16.97,14.46,0,12.91,18.2,0,0,0,14.18,0,Recherche pharmaceutique;Biotechnologie;Multimédia,Sciences,Recherche sur une plante médicinale;Étude des propriétés d'une plante,Chercheur,Travail individuel,PIP
394,Baccalauréat Technique,Mathématiques;Chimie;Biologie;Histoire-Géographie;Français,15.98,0,15.49,0,15.55,15.05,16.2,0,0,0,0,8.12,Analyse scientifique,Sciences;Santé;Environnement,Étude des propriétés d'une plante;Projet de recherche pharmaceutique,Technicien,Laboratoire;Travail individuel,PIP
395,Baccalauréat C,Chimie;Mathématiques,17.69,8.74,16.09,10.13,12.83,0,13.41,13.66,0,0,0,15.33,Biotechnologie,Sciences;Santé,Recherche sur une plante médicinale,Chercheur,Travail individuel;Laboratoire,PIP
396,Baccalauréat C,Chimie;Biologie;Économie;Gestion,11.89,14.62,15.56,0,0,0,17.66,0,8.47,0,0,0,Pharmacologie;Analyse scientifique;Recherche pharmaceutique,Santé;Informatique,Étude des propriétés d'une plante,Chercheur;Technicien;Développeur logiciel,Laboratoire;Environnement international,PIP
397,Bac+2,Biologie;Chimie,15.36,13.98,11.89,0,0,14.57,11.01,0,0,0,0,11.87,Analyse scientifique;Biotechnologie;Pharmacologie,Environnement;Sciences;Communication,Étude des propriétés d'une plante;Recherche sur une plante médicinale,Technicien;Chercheur,Travail individuel;Laboratoire,PIP
398,Baccalauréat D,Mathématiques;Chimie,12.61,0,14.75,0,10.66,14.2,15.8,0,15.14,15.05,0,10.05,Biotechnologie,Sciences,Étude des propriétés d'une plante;Projet de recherche pharmaceutique;Participation à une association,Chercheur;Technicien,Travail individuel;Laboratoire,PIP
399,Baccalauréat D,Chimie;Biologie;Mathématiques,14.73,14.53,18.73,11.59,8.64,0,13.5,0,8.27,0,0,8.34,Biotechnologie;Recherche pharmaceutique;Analyse scientifique,Santé;Environnement;Sciences,Étude des propriétés d'une plante,Chercheur;Technicien;Data Scientist,Travail individuel;Laboratoire,PIP
400,Baccalauréat C,Mathématiques;Chimie;Économie;Anglais,16.03,15.52,18.59,0,0,15.21,18.76,15.7,14.88,0,0,10.56,Pharmacologie;Biotechnologie,Environnement;Sciences,Recherche sur une plante médicinale;Étude des propriétés d'une plante,Chercheur;Technicien,Travail individuel,PIP
401,Bac+1,Chimie;Mathématiques;Biologie,17.73,15.86,14.78,10.43,0,15.18,11.96,8.25,8.36,0,0,8.58,Techniques agricoles;Agri-business,Business;Agriculture,Projet d'élevage;Projet de culture agricole,Agronome;Manager,Terrain;Travail en équipe,AEE
402,Baccalauréat D,Chimie;Biologie;Droit,12.81,0,13.06,0,11.83,13.44,18.6,0,0,12.65,0,9.8,Agri-business,Agriculture;Environnement,Projet de culture agricole,Agronome,Entreprise;Travail en équipe;Terrain,AEE
403,Bac+1,Biologie;Mathématiques;Chimie,16.74,0,15.66,10.65,8.12,0,16.32,0,0,9.95,0,0,Agri-business;Gestion d'exploitation;Élevage;Architecture des ordinateurs,Agriculture,Projet de culture agricole;Création d'un projet agricole,Entrepreneur,Entreprise;Travail en équipe,AEE
404,Bac+1,Mathématiques;Biologie;Chimie;Histoire-Géographie;Économie,11.21,0,14.46,0,0,0,12.51,0,11.7,0,12.77,11.56,Gestion d'exploitation,Business,Projet de culture agricole;Projet personnel,Agronome,Travail en équipe;Terrain;Entreprise,AEE
405,Baccalauréat Technique,Chimie;Mathématiques,16.66,14.18,13.97,12.4,12.71,14.0,16.26,0,12.45,8.4,0,9.89,Élevage;Techniques agricoles;Agri-business,Business,Projet de culture agricole;Projet d'élevage,Agronome;Manager,Terrain,AEE
406,Baccalauréat S,Biologie;Chimie,16.11,0,16.06,0,10.02,11.9,12.62,13.99,0,11.37,0,12.82,Techniques agricoles,Business;Agriculture;Environnement;Informatique,Projet d'élevage,Agronome,Travail en équipe,AEE
407,Bac+2,Chimie;Biologie;Français;Mathématiques,18.81,0,16.5,11.17,15.87,13.72,17.78,11.68,12.68,0,14.14,0,Élevage;Gestion d'exploitation;Techniques agricoles,Business;Agriculture;Environnement,Projet de culture agricole,Agronome,Entreprise,AEE
408,Baccalauréat Technique,Biologie;Mathématiques;Chimie;Informatique;Anglais,17.52,8.45,16.42,0,15.76,15.63,15.44,11.15,12.56,0,8.48,0,Gestion d'exploitation;Agri-business;Gestion hôtelière,Agriculture;Environnement,Création d'un projet agricole,Entrepreneur;Agronome,Entreprise;Terrain;Travail en équipe;Bureau,AEE
409,Bac+2,Mathématiques;Biologie,15.07,0,18.84,0,0,13.39,12.92,0,0,13.88,0,0,Techniques agricoles;Gestion d'exploitation;Élevage;Communication numérique,Environnement;Agriculture;Business,Création d'un projet agricole,Agronome,Entreprise;Terrain,AEE
410,Baccalauréat S,Mathématiques;Biologie;Français,15.85,0,13.64,13.35,0,15.84,15.49,0,13.52,0,0,0,Gestion d'exploitation;Agri-business,Environnement;Agriculture;Business,Projet d'élevage;Création d'un projet agricole,Entrepreneur;Manager,Travail en équipe;Entreprise;Terrain,AEE
411,Baccalauréat S,Biologie;Chimie;Mathématiques,17.3,0,19.77,0,8.7,14.08,15.03,0,0,14.75,14.83,11.63,Élevage;Techniques agricoles,Business;Agriculture;Environnement;Droit,Projet de culture agricole;Projet d'élevage,Agronome,Entreprise,AEE
412,Bac+2,Mathématiques;Biologie;Chimie,15.44,0,14.71,0,13.16,0,15.36,9.34,0,13.84,15.33,0,Élevage;Techniques agricoles,Environnement;Agriculture;Business,Projet d'élevage;Création d'un projet agricole,Agronome;Manager,Terrain;Travail en équipe;Entreprise,AEE
413,Baccalauréat D,Biologie;Mathématiques,12.73,0,13.32,10.23,14.62,0,15.38,11.51,0,15.49,12.15,0,Techniques agricoles,Business;Agriculture,Projet d'élevage;Participation à une association,Agronome,Entreprise;Terrain;Travail en équipe,AEE
414,Baccalauréat Technique,Chimie;Biologie;Mathématiques,16.34,12.98,12.8,0,13.77,0,14.39,0,0,13.75,0,15.15,Élevage;Techniques agricoles;Gestion d'exploitation;Production agroalimentaire,Environnement;Agriculture;Business,Projet de culture agricole,Manager;Agronome,Terrain,AEE
415,Baccalauréat D,Chimie;Mathématiques,13.23,15.81,11.12,0,0,12.05,14.79,8.79,0,8.8,0,0,Élevage;Gestion d'exploitation;Techniques agricoles,Business;Environnement,Création d'un projet agricole;Projet d'élevage,Agronome;Entrepreneur,Terrain;Travail en équipe,AEE
416,Baccalauréat C,Biologie;Chimie,15.91,0,16.24,15.92,0,0,17.3,0,0,15.67,11.02,0,Gestion d'exploitation;Techniques agricoles;Élevage,Agriculture;Environnement,Projet de culture agricole,Manager;Développeur logiciel,Entreprise;Travail en équipe;Terrain,AEE
417,Baccalauréat D,Chimie;Mathématiques;Biologie,19.17,0,12.0,0,11.08,8.46,17.7,14.63,0,8.51,0,0,Gestion d'exploitation,Agriculture;Business;Environnement,Création d'un projet agricole;Projet d'élevage;Projet personnel,Entrepreneur;Manager,Travail en équipe;Terrain;Entreprise,AEE
418,Baccalauréat S,Mathématiques;Chimie;Biologie,13.98,0,10.87,0,0,14.94,13.59,0,8.59,9.95,0,0,Agri-business;Élevage;Gestion d'exploitation,Business;Environnement;Agriculture;Sciences,Projet d'élevage;Projet de culture agricole;Projet personnel,Agronome,Travail en équipe;Terrain,AEE
419,Baccalauréat C,Chimie;Mathématiques;Biologie;Anglais;Économie,13.93,0,13.68,12.1,0,0,13.06,9.27,0,8.19,14.46,10.26,Agri-business;Élevage;Gestion d'exploitation;Analyse des systèmes,Agriculture,Projet d'élevage;Création d'un projet agricole,Entrepreneur;Manager,Travail en équipe;Entreprise,AEE
420,Baccalauréat S,Biologie;Mathématiques;Chimie,13.03,9.95,12.88,12.71,10.18,9.49,13.14,0,0,12.55,10.57,10.97,Techniques agricoles;Agri-business,Agriculture,Projet d'élevage;Projet de culture agricole,Agronome,Entreprise;Travail en équipe;Terrain,AEE
421,Baccalauréat C,Chimie;Mathématiques;Biologie;Économie,19.49,9.77,17.79,0,8.97,0,14.72,0,0,0,12.63,12.6,Agri-business;Élevage;Technologies minières,Business;Agriculture;Environnement;Santé,Projet de culture agricole;Projet d'élevage,Manager,Travail en équipe;Entreprise;Terrain,AEE
422,Bac+1,Chimie;Mathématiques;Français;Informatique,18.59,0,15.64,10.3,0,10.69,15.4,0,8.08,12.53,0,8.51,Élevage;Gestion d'exploitation;Techniques agricoles,Business,Projet de culture agricole,Manager,Entreprise;Travail en équipe,AEE
423,Baccalauréat Technique,Biologie;Mathématiques;Chimie,19.37,0,16.21,0,0,0,13.19,10.07,11.1,9.78,0,15.08,Élevage;Techniques agricoles,Business,Projet de culture agricole;Participation à une association,Agronome;Entrepreneur,Terrain;Travail en équipe;Entreprise,AEE
424,Baccalauréat Technique,Chimie;Mathématiques;Biologie;Gestion;Français,14.68,0,16.44,0,13.3,0,15.63,15.95,14.73,9.83,0,0,Élevage;Marketing,Environnement;Business;Agriculture,Projet d'élevage;Projet de culture agricole;Projet scolaire,Manager,Terrain;Environnement international,AEE
425,Baccalauréat Technique,Biologie;Chimie,12.37,11.75,13.52,0,11.65,0,13.92,11.83,0,0,15.19,10.22,Élevage;Techniques agricoles;Art culinaire,Business,Projet d'élevage;Projet de culture agricole,Entrepreneur,Terrain;Environnement industriel,AEE
426,Bac+1,Chimie;Biologie;Informatique;Technique,14.57,10.99,16.59,14.65,0,0,18.69,0,0,0,0,0,Techniques agricoles;Gestion d'exploitation,Agriculture;Environnement;Business,Création d'un projet agricole,Agronome;Entrepreneur,Travail en équipe;Terrain;Environnement international,AEE
427,Bac+2,Chimie;Mathématiques;Biologie;Technique,18.75,9.98,12.34,0,0,0,10.98,0,11.66,0,10.77,0,Techniques agricoles;Gestion d'exploitation,Environnement,Projet d'élevage;Projet de culture agricole,Manager;Architecte,Travail en équipe;Entreprise;Terrain;Laboratoire,AEE
428,Bac+1,Mathématiques;Biologie,19.69,0,14.01,8.17,0,8.9,14.11,0,15.03,15.66,0,0,Élevage;Conception,Environnement;Business,Projet d'élevage,Manager;Entrepreneur;Ingénieur,Terrain;Environnement international,AEE
429,Bac+3,Chimie;Mathématiques;Biologie,16.1,0,15.79,0,13.08,15.58,15.01,9.48,0,0,0,10.87,Techniques agricoles,Environnement;Agriculture;Tourisme,Projet de culture agricole,Agronome,Terrain,AEE
430,Baccalauréat C,Biologie;Chimie;Mathématiques,14.89,0,12.5,0,0,0,13.84,14.11,11.45,13.31,0,13.35,Techniques agricoles;Agri-business;Analyse scientifique,Business,Projet de culture agricole,Manager,Travail en équipe;Bureau,AEE
431,Baccalauréat D,Biologie;Mathématiques,17.17,10.98,12.88,12.0,15.15,12.66,14.36,0,15.91,0,0,0,Agri-business;Maintenance industrielle,Environnement;Business;Intelligence artificielle,Création d'un projet agricole;Projet d'élevage,Entrepreneur;Manager,Travail en équipe,AEE
432,Baccalauréat Technique,Mathématiques;Biologie,16.25,8.6,12.47,10.27,0,0,15.28,0,0,0,0,0,Techniques agricoles,Environnement;Agriculture;Business,Création d'un projet agricole;Projet de culture agricole,Agronome,Terrain,AEE
433,Baccalauréat Technique,Mathématiques;Biologie;Chimie,11.94,9.29,14.47,8.77,8.37,0,15.61,0,0,10.84,0,0,Élevage;Gestion d'exploitation;Techniques agricoles;Gestion de projets de construction,Business;Environnement;Agriculture,Projet de culture agricole;Création d'un projet agricole;Projet personnel,Manager,Travail en équipe;Terrain,AEE
434,Baccalauréat D,Chimie;Biologie;Mathématiques,19.64,0,17.96,11.64,12.42,0,15.03,13.31,0,9.8,0,12.32,Élevage;Agri-business;Techniques agricoles,Business;Agriculture;Environnement,Projet d'élevage,Entrepreneur;Manager;Agronome,Travail en équipe;Entreprise,AEE
435,Bac+1,Chimie;Biologie,15.99,9.02,17.94,15.35,0,12.75,15.88,13.54,11.98,0,13.73,0,Agri-business;Élevage;Gestion d'exploitation,Business;Environnement,Création d'un projet agricole;Projet de culture agricole;Participation à une association,Entrepreneur,Travail en équipe;Terrain;Entreprise,AEE
436,Bac+2,Chimie;Mathématiques;Biologie,18.42,0,15.65,0,12.94,15.91,15.27,0,8.17,14.25,0,0,Gestion d'exploitation;Agri-business,Business;Environnement;Agriculture,Création d'un projet agricole,Agronome;Entrepreneur,Entreprise;Travail en équipe,AEE
437,Bac+1,Mathématiques;Chimie,14.4,14.34,13.88,0,0,9.37,19.45,9.12,0,10.32,0,14.72,Gestion d'exploitation,Environnement;Agriculture,Création d'un projet agricole,Manager,Entreprise;Travail en équipe,AEE
438,Bac+3,Chimie;Mathématiques;Informatique;Droit,16.51,9.2,19.31,0,9.7,0,17.74,12.74,0,0,0,15.75,Agri-business;Élevage;Comptabilité,Agriculture;Environnement;Business,Création d'un projet agricole,Manager;Entrepreneur,Entreprise,AEE
439,Baccalauréat S,Biologie;Chimie,12.9,0,11.51,15.6,12.81,0,13.59,11.38,0,15.33,15.52,14.3,Techniques agricoles,Business;Environnement,Projet d'élevage,Agronome,Terrain,AEE
440,Bac+1,Biologie;Mathématiques,12.93,0,13.12,0,9.78,9.37,18.77,0,11.91,9.1,10.78,13.61,Techniques agricoles;Agri-business;Gestion d'exploitation,Agriculture;Business;Environnement,Projet de culture agricole;Création d'un projet agricole,Entrepreneur;Agronome,Travail en équipe;Terrain,AEE
441,Bac+1,Technique;Informatique;Physique;Biologie;Français,15.65,15.68,15.82,13.62,8.53,8.42,0,10.47,11.59,11.77,0,15.44,Automatisation,Informatique;Sciences;Technologie,Projet de robotique industrielle;Maintenance d'une machine,Ingénieur;Technicien,Atelier;Travail en équipe;Environnement industriel,EMII
442,Baccalauréat S,Mathématiques;Informatique;Technique;Physique,16.46,11.32,0,15.83,15.49,0,0,0,0,0,9.39,14.14,Informatique industrielle;Maintenance industrielle,Sciences;Intelligence artificielle,Maintenance d'une machine;Projet d'automatisation industrielle,Technicien,Travail en équipe;Atelier;Bureau,EMII
443,Baccalauréat D,Informatique;Mathématiques;Physique;Droit,12.68,18.65,0,16.58,0,14.51,12.84,11.01,0,15.25,12.7,13.65,Maintenance industrielle;Prise de décision,Sciences;Informatique;Technologie,Projet d'automatisation industrielle,Ingénieur,Travail en équipe;Environnement industriel;Atelier,EMII
444,Bac+3,Technique;Physique;Informatique;Mathématiques,19.41,15.75,9.37,17.13,0,0,0,0,0,12.15,12.74,11.4,Informatique industrielle;Automatisation;Maintenance industrielle,Informatique;Technologie,Projet de robotique industrielle;Maintenance d'une machine;Participation à une association,Technicien;Ingénieur,Atelier;Environnement industriel,EMII
445,Bac+2,Informatique;Technique,17.23,13.52,0,15.61,9.97,0,0,0,15.33,0,0,13.71,Électromécanique;Maintenance industrielle;Informatique industrielle,Sciences,Maintenance d'une machine;Projet de robotique industrielle,Ingénieur;Technicien,Atelier;Environnement industriel;Travail en équipe,EMII
446,Baccalauréat D,Physique;Mathématiques;Informatique;Français;Technique,17.0,11.6,0,13.33,0,14.93,9.95,12.59,0,12.28,12.02,12.01,Électromécanique;Rédaction,Technologie;Sciences;Finance,Projet de robotique industrielle;Maintenance d'une machine,Technicien;Data Scientist,Travail en équipe;Environnement industriel;Atelier,EMII
447,Baccalauréat S,Mathématiques;Technique;Informatique;Physique,20,16.99,15.65,13.81,0,0,0,11.9,10.77,0,10.32,15.41,Électromécanique,Sciences,Projet de robotique industrielle;Projet d'automatisation industrielle,Technicien;Ingénieur;Commercial,Atelier;Travail en équipe,EMII
448,Bac+2,Mathématiques;Technique;Physique,16.88,17.21,0,15.93,0,14.63,10.99,9.51,0,11.92,10.11,13.86,Maintenance industrielle;Communication touristique,Sciences;Informatique;Technologie,Projet d'automatisation industrielle,Ingénieur,Atelier;Environnement industriel;Travail en équipe,EMII
449,Baccalauréat Technique,Mathématiques;Technique;Informatique;Physique,15.83,15.73,10.56,16.27,0,0,0,0,0,11.93,0,15.43,Maintenance industrielle;Informatique industrielle,Informatique;Technologie;Droit,Projet d'automatisation industrielle,Technicien;Ingénieur,Travail en équipe,EMII
450,Baccalauréat D,Informatique;Physique;Mathématiques,13.79,16.43,15.61,14.87,0,0,9.02,10.12,8.32,13.24,14.96,18.12,Automatisation;Électromécanique;Informatique industrielle;Conception,Technologie;Informatique;Santé,Projet de robotique industrielle;Projet d'automatisation industrielle;Participation à une association,Ingénieur;Entrepreneur,Travail en équipe;Environnement industriel;Atelier,EMII
451,Bac+3,Technique;Informatique,13.45,14.03,10.05,17.43,10.99,0,0,0,8.11,0,0,14.82,Maintenance industrielle,Technologie;Informatique;Sciences,Projet de robotique industrielle;Maintenance d'une machine,Ingénieur;Technicien,Travail en équipe;Atelier;Entreprise,EMII
452,Bac+1,Mathématiques;Technique,15.96,14.64,11.27,13.4,11.81,8.48,0,15.64,0,14.39,11.69,14.64,Informatique industrielle;Maintenance industrielle;Automatisation;Communication,Sciences;Technologie;Informatique,Maintenance d'une machine;Projet de robotique industrielle;Projet scolaire,Technicien;Ingénieur,Environnement industriel;Bureau,EMII
453,Bac+2,Informatique;Mathématiques,13.67,16.55,10.41,19.33,10.88,11.18,9.45,0,8.66,0,0,14.06,Automatisation;Informatique industrielle,Technologie;Sciences,Projet d'automatisation industrielle;Projet personnel,Technicien;Ingénieur,Environnement industriel,EMII
454,Bac+1,Technique;Informatique;Mathématiques,15.28,15.18,0,13.82,8.85,0,15.44,0,0,11.44,0,19.12,Informatique industrielle;Électromécanique;Automatisation,Informatique;Sciences;Technologie;Intelligence artificielle,Projet de robotique industrielle,Technicien;Ingénieur,Travail en équipe;Atelier;Environnement industriel,EMII
455,Bac+2,Mathématiques;Technique;Droit,15.67,12.82,13.9,18.78,0,0,12.86,0,9.58,9.84,0,14.28,Électromécanique;Multimédia,Sciences;Informatique;Technologie,Projet d'automatisation industrielle,Ingénieur,Travail en équipe,EMII
456,Bac+3,Physique;Mathématiques;Informatique;Technique,14.58,12.59,14.35,18.94,0,0,0,12.17,0,0,10.02,12.45,Maintenance industrielle;Électromécanique;Informatique industrielle,Informatique,Projet d'automatisation industrielle;Maintenance d'une machine,Technicien;Data Scientist,Travail en équipe;Atelier,EMII
457,Bac+1,Informatique;Physique;Technique;Mathématiques,12.82,17.7,9.75,16.61,0,11.57,0,0,8.74,0,0,15.65,Automatisation;Agri-business,Informatique,Projet de robotique industrielle,Ingénieur;Technicien,Environnement industriel,EMII
458,Baccalauréat C,Technique;Physique;Informatique;Mathématiques,14.73,14.5,0,10.72,0,0,0,9.1,11.57,0,8.01,17.53,Automatisation,Sciences,Projet de robotique industrielle;Maintenance d'une machine,Ingénieur;Technicien,Environnement industriel,EMII
459,Baccalauréat Technique,Technique;Mathématiques,18.48,13.99,8.93,12.82,13.05,12.52,14.93,15.07,12.81,10.12,8.43,11.86,Informatique industrielle;Analyse financière,Informatique;Technologie;Sciences,Projet d'automatisation industrielle,Ingénieur;Technicien;Agronome,Environnement industriel;Travail en équipe;Atelier,EMII
460,Baccalauréat Technique,Technique;Mathématiques;Physique;Chimie;Biologie,17.95,17.76,13.07,16.65,8.7,10.93,0,0,0,0,14.76,13.13,Maintenance industrielle;Électromécanique,Technologie;Informatique;Sciences,Maintenance d'une machine,Technicien,Travail en équipe,EMII
461,Bac+2,Informatique;Physique;Technique;Mathématiques,12.0,19.52,0,14.91,0,0,0,11.74,9.28,9.66,11.3,19.22,Informatique industrielle;Électromécanique,Technologie,Projet de robotique industrielle;Maintenance d'une machine;Projet personnel,Technicien;Ingénieur,Atelier,EMII
462,Bac+3,Technique;Informatique;Physique;Français,11.9,17.75,0,11.08,0,0,0,0,9.17,14.86,10.45,14.66,Électromécanique;Automatisation;Management,Informatique;Sciences,Maintenance d'une machine;Projet d'automatisation industrielle,Technicien,Atelier;Entreprise,EMII
463,Bac+3,Technique;Mathématiques;Physique;Français;Anglais,15.71,13.81,0,13.19,0,0,13.84,0,15.9,8.5,0,12.64,Maintenance industrielle;Informatique industrielle;Automatisation,Technologie;Intelligence artificielle,Projet de robotique industrielle;Projet personnel,Ingénieur;Technicien,Environnement industriel;Atelier;Travail en équipe,EMII
464,Bac+2,Physique;Informatique;Mathématiques,14.17,16.11,0,17.05,0,0,15.67,10.7,8.96,0,12.23,17.2,Maintenance industrielle;Électromécanique;Informatique industrielle,Technologie;Informatique;Sciences;Intelligence artificielle,Maintenance d'une machine;Projet personnel,Technicien,Atelier,EMII
465,Bac+3,Informatique;Physique;Technique;Mathématiques,15.4,15.21,0,13.84,0,10.29,13.78,0,0,0,0,10.95,Automatisation;Maintenance industrielle,Technologie,Projet de robotique industrielle,Technicien,Travail en équipe;Environnement industriel,EMII
466,Baccalauréat D,Technique;Physique;Informatique;Économie,13.19,13.31,0,18.73,0,0,8.44,11.25,9.16,11.84,9.58,14.51,Automatisation;Maintenance industrielle;Électromécanique,Informatique;Technologie;Sciences,Projet d'automatisation industrielle;Maintenance d'une machine,Ingénieur;Architecte,Environnement industriel;Atelier;Travail en équipe,EMII
467,Bac+3,Physique;Mathématiques,15.5,17.8,0,16.01,0,14.94,0,10.48,8.03,8.95,0,17.37,Informatique industrielle,Sciences;Technologie;Informatique,Maintenance d'une machine;Projet de robotique industrielle;Projet scolaire,Technicien;Ingénieur,Atelier,EMII
468,Baccalauréat Technique,Informatique;Technique;Mathématiques;Physique,16.48,13.3,0,14.27,10.37,14.07,0,10.24,0,0,8.52,12.68,Informatique industrielle;Gestion d'exploitation,Informatique;Sciences,Maintenance d'une machine,Ingénieur;Data Scientist,Atelier;Travail en équipe,EMII
469,Baccalauréat Technique,Mathématiques;Physique;Technique,15.76,11.75,14.01,15.92,11.61,0,0,0,11.43,11.56,0,14.75,Électromécanique,Informatique,Maintenance d'une machine;Projet d'automatisation industrielle,Ingénieur;Technicien,Travail en équipe;Environnement industriel,EMII
470,Bac+3,Mathématiques;Physique;Technique;Informatique;Gestion;Histoire-Géographie,13.28,13.58,0,18.38,9.6,8.67,0,0,15.61,0,13.45,16.28,Informatique industrielle,Sciences;Informatique,Maintenance d'une machine,Ingénieur,Environnement industriel;Atelier;Travail en équipe,EMII
471,Bac+3,Physique;Informatique;Mathématiques;Anglais;Technique,16.32,14.05,0,17.91,0,0,0,9.32,0,15.06,10.31,16.84,Électromécanique;Maintenance industrielle;Informatique industrielle;Analyse juridique,Informatique;Technologie;Communication,Projet de robotique industrielle,Ingénieur;Technicien,Atelier;Environnement industriel,EMII
472,Bac+1,Mathématiques;Physique,17.24,18.72,0,15.2,0,14.23,0,0,0,9.59,14.68,15.23,Électromécanique;Maintenance industrielle,Technologie;Sciences,Projet de robotique industrielle;Projet d'automatisation industrielle,Technicien,Environnement industriel;Atelier;Terrain,EMII
473,Bac+2,Technique;Mathématiques;Informatique;Physique;Anglais;Histoire-Géographie,15.39,14.55,11.1,12.3,0,0,9.0,11.36,10.65,14.9,0,16.22,Informatique industrielle;Électromécanique;Automatisation;Technologies alimentaires,Informatique,Maintenance d'une machine;Projet de robotique industrielle,Technicien;Ingénieur,Atelier;Administration,EMII
474,Baccalauréat S,Mathématiques;Technique;Informatique;Physique,18.92,19.64,8.26,14.13,9.8,0,9.54,8.05,10.86,14.48,0,16.38,Maintenance industrielle,Technologie;Sciences;Informatique,Projet de robotique industrielle,Ingénieur;Technicien,Atelier,EMII
475,Baccalauréat S,Informatique;Mathématiques,14.45,12.7,0,17.04,15.73,10.16,12.64,10.67,0,15.0,0,11.06,Électromécanique,Technologie;Informatique,Projet d'automatisation industrielle;Maintenance d'une machine,Ingénieur,Environnement industriel;Atelier;Travail en équipe,EMII
476,Bac+3,Mathématiques;Technique;Informatique;Physique,14.67,15.49,11.39,17.84,14.82,0,11.06,0,8.2,0,14.47,11.39,Électromécanique;Automatisation;Informatique industrielle,Sciences;Communication,Projet de robotique industrielle,Technicien,Atelier;Environnement industriel,EMII
477,Bac+1,Mathématiques;Technique,14.79,14.13,0,16.42,12.84,13.54,9.05,0,0,14.55,0,17.2,Maintenance industrielle;Automatisation;Informatique industrielle,Sciences,Maintenance d'une machine;Projet de robotique industrielle,Ingénieur;Technicien,Travail en équipe,EMII
478,Bac+1,Technique;Mathématiques;Physique,16.4,15.25,11.47,12.68,0,0,12.22,13.91,14.2,0,0,14.69,Maintenance industrielle,Sciences;Informatique;Tourisme,Maintenance d'une machine,Technicien,Travail en équipe,EMII
479,Baccalauréat D,Physique;Mathématiques,10.53,14.38,0,14.57,0,9.38,12.71,9.44,14.81,9.3,0,13.09,Maintenance industrielle,Informatique;Sciences;Technologie;Santé,Projet de robotique industrielle,Technicien,Atelier;Environnement industriel,EMII
480,Baccalauréat D,Informatique;Physique,11.15,13.77,9.76,13.13,0,10.38,0,12.74,8.05,15.72,0,13.05,Automatisation,Technologie;Sciences,Maintenance d'une machine,Technicien,Travail en équipe;Environnement industriel;Atelier;Terrain,EMII
481,Bac+3,Mathématiques;Technique;Physique;Gestion,17.81,14.96,0,11.28,15.49,0,8.75,9.1,8.79,15.2,15.32,11.98,Gestion de projets de construction;Aménagement,Technologie;Environnement,Projet de construction d'un bâtiment,Manager,Terrain;Bureau,GCA
482,Bac+2,Mathématiques;Physique;Technique,17.24,14.54,9.46,0,9.75,14.17,11.97,10.76,0,0,0,13.48,Conception;Gestion de projets de construction;Construction,Technologie;Environnement,Projet de construction d'un bâtiment,Ingénieur,Bureau,GCA
483,Baccalauréat Technique,Mathématiques;Technique;Physique,15.3,15.16,0,8.73,0,14.24,0,0,14.25,0,13.38,12.5,Gestion de projets de construction;Aménagement;Conception;Informatique industrielle,Environnement;Technologie,Plan d'aménagement d'un espace;Projet de construction d'un bâtiment;Participation à une association,Ingénieur;Manager,Bureau;Terrain,GCA
484,Bac+3,Physique;Technique,12.2,15.85,8.48,0,0,14.74,12.14,13.58,0,0,10.32,13.27,Conception;Construction,Technologie,Plan d'aménagement d'un espace;Projet de conception d'une maison,Ingénieur;Manager,Terrain,GCA
485,Bac+1,Technique;Mathématiques,16.52,15.44,8.65,12.1,0,0,12.02,12.78,0,14.01,0,14.28,Gestion de projets de construction,Environnement,Projet de conception d'une maison;Projet de construction d'un bâtiment,Architecte,Terrain,GCA
486,Baccalauréat D,Technique;Mathématiques;Physique,14.49,15.01,0,9.3,0,0,0,0,0,0,14.7,15.4,Construction;Gestion de projets de construction;Conception,Environnement;Technologie,Projet de construction d'un bâtiment;Projet personnel,Manager,Travail en équipe;Terrain;Environnement industriel,GCA
487,Bac+2,Mathématiques;Technique,13.99,17.11,0,0,10.26,0,0,8.21,9.44,0,0,12.64,Construction;Gestion de projets de construction;Management,Technologie;Environnement,Projet de construction d'un bâtiment,Ingénieur,Terrain,GCA
488,Bac+3,Technique;Mathématiques;Physique;Droit;Chimie,13.54,14.99,0,0,0,0,8.01,0,0,8.44,0,13.78,Gestion de projets de construction,Technologie,Plan d'aménagement d'un espace,Ingénieur;Chercheur,Bureau;Terrain;Travail en équipe,GCA
489,Baccalauréat Technique,Physique;Technique;Mathématiques,10.78,15.65,12.52,0,0,8.6,0,12.74,12.8,0,0,13.15,Construction;Conception,Technologie;Business,Projet de conception d'une maison;Plan d'aménagement d'un espace,Architecte;Ingénieur,Terrain,GCA
490,Bac+3,Technique;Physique;Gestion;Mathématiques,10.54,18.13,0,9.3,0,12.77,0,0,9.78,8.07,0,13.63,Conception;Gestion de projets de construction;Construction,Technologie;Environnement,Projet de conception d'une maison;Projet de construction d'un bâtiment,Architecte;Ingénieur,Terrain;Travail en équipe;Bureau,GCA
491,Bac+1,Physique;Technique;Mathématiques,18.96,15.58,0,10.82,0,0,0,0,13.7,15.99,0,11.56,Gestion de projets de construction;Aménagement,Environnement;Technologie;Tourisme,Plan d'aménagement d'un espace;Projet de construction d'un bâtiment,Architecte,Bureau;Terrain;Travail en équipe,GCA
492,Bac+3,Mathématiques;Physique,20,15.25,10.76,0,0,0,0,0,0,0,0,15.52,Gestion de projets de construction;Construction,Environnement;Technologie,Projet de construction d'un bâtiment;Projet de conception d'une maison,Ingénieur,Travail en équipe,GCA
493,Bac+1,Technique;Mathématiques;Physique;Droit;Anglais,18.55,11.5,8.04,10.38,0,0,0,14.72,0,0,0,14.76,Conception,Technologie,Projet de conception d'une maison,Ingénieur;Architecte,Terrain;Bureau;Travail en équipe,GCA
494,Baccalauréat D,Technique;Physique;Mathématiques;Français;Biologie,16.93,18.74,9.46,9.86,0,0,12.87,0,0,15.25,15.32,17.81,Conception;Aménagement;Construction,Technologie;Tourisme,Projet de conception d'une maison;Plan d'aménagement d'un espace,Ingénieur;Architecte,Travail en équipe;Terrain,GCA
495,Bac+3,Mathématiques;Physique;Technique,13.0,15.7,0,0,0,0,0,8.41,0,9.36,0,16.1,Conception;Aménagement,Technologie;Finance,Plan d'aménagement d'un espace;Participation à une association,Architecte,Terrain,GCA
496,Bac+3,Physique;Technique;Mathématiques;Chimie;Biologie,13.08,16.9,0,0,8.53,0,14.7,8.61,0,11.77,15.35,16.86,Conception;Construction,Environnement;Informatique,Projet de conception d'une maison;Projet de construction d'un bâtiment;Projet scolaire,Manager;Architecte,Travail en équipe;Bureau;Terrain,GCA
497,Bac+1,Physique;Technique;Mathématiques,14.49,15.74,0,0,8.09,14.63,10.49,0,10.21,14.09,0,17.19,Conception,Technologie,Projet de conception d'une maison;Plan d'aménagement d'un espace,Manager;Ingénieur,Travail en équipe;Bureau,GCA
498,Bac+1,Mathématiques;Physique;Économie;Informatique,17.54,17.34,9.63,13.77,8.44,15.88,14.8,0,0,14.15,8.34,17.04,Conception;Aménagement;Rédaction,Technologie,Projet de conception d'une maison;Plan d'aménagement d'un espace;Projet personnel,Ingénieur,Terrain,GCA
499,Baccalauréat D,Technique;Mathématiques;Physique;Anglais,11.66,15.38,11.64,0,0,10.51,0,0,11.82,13.69,13.81,16.01,Construction;Aménagement;Conception;Tourisme,Environnement,Plan d'aménagement d'un espace,Manager,Terrain;Travail en équipe;Laboratoire,GCA
500,Baccalauréat C,Physique;Technique,16.57,12.56,0,9.04,0,0,9.73,11.21,14.5,8.33,11.47,10.25,Conception;Aménagement;Construction;Accueil,Technologie,Plan d'aménagement d'un espace;Projet scolaire,Manager,Bureau,GCA
501,Baccalauréat S,Physique;Mathématiques;Technique,14.43,15.49,8.9,0,11.14,13.73,9.06,0,14.52,0,10.57,19.28,Construction;Conception;Gestion de projets de construction;Pharmacologie,Environnement;Technologie;Business,Plan d'aménagement d'un espace;Projet personnel,Manager,Terrain;Travail en équipe,GCA
502,Baccalauréat C,Physique;Technique;Mathématiques,16.67,13.12,0,11.26,15.76,14.49,0,11.38,10.37,0,11.37,15.6,Aménagement,Environnement,Projet de conception d'une maison,Manager;Entrepreneur,Travail en équipe,GCA
503,Bac+1,Physique;Mathématiques;Technique;Droit,12.92,11.92,9.96,11.54,13.68,0,0,8.78,0,0,0,13.05,Gestion de projets de construction;Conception;Aménagement,Environnement;Technologie,Plan d'aménagement d'un espace;Projet de conception d'une maison,Architecte;Manager;Développeur logiciel,Travail en équipe;Terrain;Bureau,GCA
504,Baccalauréat Technique,Physique;Mathématiques;Technique,11.13,14.81,0,0,0,0,8.05,0,0,12.83,9.94,14.82,Gestion de projets de construction;Conception;Aménagement;Gestion financière,Environnement;Technologie;Sciences,Projet de construction d'un bâtiment,Ingénieur,Terrain;Bureau,GCA
505,Bac+3,Mathématiques;Technique;Physique,18.14,11.35,12.6,15.93,12.93,14.39,0,9.7,13.28,0,0,15.38,Gestion de projets de construction;Construction;Aménagement,Environnement;Technologie;Intelligence artificielle,Projet de construction d'un bâtiment,Architecte,Bureau;Terrain,GCA
506,Baccalauréat Technique,Mathématiques;Technique;Physique;Français,17.7,13.79,0,13.81,0,11.19,0,0,14.42,12.47,11.03,12.97,Aménagement;Conception de logiciels,Technologie,Plan d'aménagement d'un espace;Projet de conception d'une maison;Participation à une association,Architecte;Ingénieur,Travail en équipe;Bureau,GCA
507,Baccalauréat Technique,Physique;Mathématiques,13.3,16.16,14.44,0,14.78,0,15.64,11.29,12.59,12.76,0,13.61,Gestion de projets de construction,Technologie;Environnement,Projet de conception d'une maison;Projet de construction d'un bâtiment,Ingénieur,Bureau;Travail en équipe;Terrain,GCA
508,Bac+2,Mathématiques;Technique;Physique,17.01,12.87,12.38,0,0,0,14.94,12.93,0,10.01,8.59,16.08,Construction;Conception;Aménagement,Environnement;Technologie;Communication,Projet de construction d'un bâtiment;Plan d'aménagement d'un espace,Architecte;Manager,Bureau,GCA
509,Baccalauréat C,Mathématiques;Physique;Technique;Chimie;Gestion,18.63,14.45,0,10.45,0,0,0,0,8.2,0,0,16.93,Gestion de projets de construction;Conception;Aménagement,Technologie;Environnement,Projet de conception d'une maison,Manager,Bureau;Terrain,GCA
510,Baccalauréat D,Physique;Technique;Gestion,15.93,13.91,0,0,14.01,11.95,15.73,11.45,8.42,0,14.3,14.88,Aménagement,Technologie;Environnement,Projet de construction d'un bâtiment;Projet de conception d'une maison;Participation à une association,Ingénieur;Architecte,Travail en équipe;Terrain;Bureau;Environnement industriel,GCA
511,Baccalauréat S,Technique;Physique;Mathématiques,12.83,13.01,8.16,9.55,0,15.49,9.7,0,8.36,0,0,16.55,Conception,Technologie;Environnement,Plan d'aménagement d'un espace,Manager,Travail en équipe;Terrain;Environnement industriel,GCA
512,Baccalauréat S,Technique;Physique;Économie,16.03,15.91,0,14.16,0,0,0,0,10.57,0,0,16.48,Conception;Gestion de projets de construction,Technologie;Environnement,Projet de construction d'un bâtiment;Projet de conception d'une maison,Architecte,Travail en équipe;Bureau,GCA
513,Baccalauréat Technique,Physique;Mathématiques,11.94,15.36,0,11.49,10.92,0,0,15.19,0,0,0,15.24,Construction;Aménagement;Gestion de projets de construction,Environnement;Technologie,Projet de conception d'une maison,Architecte,Bureau;Terrain,GCA
514,Bac+1,Mathématiques;Physique;Technique,14.08,15.01,8.02,14.75,15.73,0,8.74,0,0,0,12.33,14.4,Aménagement;Construction,Technologie;Environnement,Projet de conception d'une maison,Architecte,Terrain,GCA
515,Baccalauréat C,Mathématiques;Technique;Droit;Physique,13.87,16.51,0,0,0,0,13.37,0,0,0,0,14.54,Gestion de projets de construction;Construction,Technologie,Projet de construction d'un bâtiment,Manager;Architecte,Terrain,GCA
516,Baccalauréat D,Physique;Technique;Mathématiques;Anglais;Biologie,15.3,11.34,8.14,0,9.9,8.87,13.05,0,14.8,0,0,15.29,Gestion de projets de construction;Aménagement;Conception,Technologie,Projet de conception d'une maison;Projet de construction d'un bâtiment,Architecte;Professionnel du tourisme,Bureau,GCA
517,Bac+2,Physique;Mathématiques;Droit;Gestion,16.7,12.93,0,11.93,0,0,0,0,0,0,10.83,16.28,Construction;Aménagement;Art culinaire,Technologie,Plan d'aménagement d'un espace;Projet de conception d'une maison,Ingénieur;Architecte,Bureau;Terrain;Travail en équipe,GCA
518,Bac+1,Physique;Mathématiques;Technique;Droit;Anglais,10.97,14.38,0,0,0,0,0,0,0,0,12.29,14.12,Conception;Aménagement;Programmation,Environnement;Technologie,Projet de conception d'une maison,Manager;Ingénieur,Terrain;Travail en équipe;Bureau,GCA
519,Baccalauréat Technique,Mathématiques;Technique;Physique,13.91,12.07,0,0,0,0,0,8.95,0,0,0,18.21,Construction;Aménagement;Gestion de projets de construction;Marketing,Technologie;Environnement;Business,Plan d'aménagement d'un espace;Projet de construction d'un bâtiment,Manager;Architecte,Bureau;Atelier,GCA
520,Baccalauréat S,Mathématiques;Physique;Technique,17.09,12.24,10.33,11.77,9.41,13.94,0,0,0,0,0,18.6,Conception;Construction;Gestion de projets de construction,Technologie;Environnement,Plan d'aménagement d'un espace,Manager;Architecte,Bureau;Travail en équipe,GCA
521,Bac+2,Chimie;Physique;Mathématiques,13.01,15.82,14.94,15.97,0,0,11.24,0,0,0,0,9.21,Technologies minières;Industrie chimique;Procédés industriels,Environnement;Technologie;Sciences;Droit,Étude d'un procédé industriel;Projet d'analyse industrielle,Technicien;Chercheur,Laboratoire;Environnement international,ICMP
522,Baccalauréat C,Mathématiques;Physique;Chimie,16.14,15.67,18.49,12.71,15.2,11.5,9.77,10.86,0,14.91,0,13.09,Industrie chimique;Procédés industriels;Agri-business,Sciences;Environnement;Technologie,Projet sur les procédés industriels;Étude d'un procédé industriel,Technicien;Chercheur,Environnement industriel,ICMP
523,Baccalauréat D,Mathématiques;Physique;Chimie,16.93,16.21,15.04,12.66,9.46,0,15.05,0,8.36,14.87,0,0,Procédés industriels;Industrie chimique,Technologie;Sciences,Étude d'un procédé industriel,Chercheur;Technicien,Travail en équipe,ICMP
524,Baccalauréat Technique,Physique;Chimie,16.04,16.79,17.52,11.86,0,10.86,13.57,0,0,0,0,9.07,Procédés industriels;Analyse scientifique;Industrie chimique,Sciences;Technologie,Étude d'un procédé industriel;Projet sur les procédés industriels,Chercheur,Travail en équipe;Laboratoire;Télétravail,ICMP
525,Baccalauréat D,Mathématiques;Physique,16.17,13.45,13.98,14.4,0,0,0,12.92,12.2,9.03,0,0,Procédés industriels;Industrie chimique,Environnement;Sciences;Technologie,Étude d'un procédé industriel,Chercheur,Environnement industriel;Bureau,ICMP
526,Bac+3,Mathématiques;Physique,18.97,15.14,18.17,10.31,10.31,11.23,0,8.6,12.71,8.76,0,10.0,Analyse scientifique;Procédés industriels;Technologies minières,Sciences;Environnement,Projet d'analyse industrielle;Projet personnel,Ingénieur,Travail en équipe;Télétravail,ICMP
527,Bac+1,Mathématiques;Chimie,12.92,11.8,12.15,11.03,0,0,13.86,14.66,10.27,10.43,0,14.43,Industrie chimique;Analyse scientifique;Procédés industriels;Prise de décision,Technologie;Environnement;Sciences,Projet d'analyse industrielle,Ingénieur;Technicien,Travail en équipe;Environnement industriel;Laboratoire,ICMP
528,Bac+3,Mathématiques;Physique;Chimie,12.81,16.62,13.72,0,14.11,9.26,0,0,0,0,10.4,14.26,Analyse scientifique;Procédés industriels,Environnement;Technologie;Sciences,Étude d'un procédé industriel;Projet d'analyse industrielle,Chercheur;Ingénieur,Travail en équipe;Environnement industriel;Laboratoire,ICMP
529,Bac+2,Chimie;Mathématiques;Physique;Histoire-Géographie;Droit,16.22,12.76,13.0,0,0,0,0,0,10.17,0,12.39,0,Analyse scientifique;Technologies minières,Sciences;Technologie,Étude d'un procédé industriel,Chercheur,Travail en équipe;Laboratoire;Environnement industriel;Entreprise,ICMP
530,Bac+3,Mathématiques;Physique,13.98,12.9,13.77,0,11.77,14.64,8.76,0,11.86,0,0,0,Industrie chimique,Sciences;Environnement;Technologie,Étude d'un procédé industriel;Projet sur les procédés industriels,Technicien;Chercheur;Data Scientist,Travail en équipe,ICMP
531,Bac+3,Physique;Chimie;Anglais,16.36,11.28,19.46,0,0,11.16,0,0,0,0,13.14,0,Technologies minières;Industrie chimique,Technologie;Environnement;Sciences,Projet sur les procédés industriels,Ingénieur;Développeur logiciel,Laboratoire,ICMP
532,Baccalauréat D,Mathématiques;Physique,14.19,14.54,15.4,15.78,15.34,11.86,0,0,14.36,14.6,0,0,Procédés industriels,Technologie;Sciences;Environnement,Projet sur les procédés industriels,Chercheur;Ingénieur,Environnement industriel,ICMP
533,Bac+3,Mathématiques;Physique,17.37,13.41,19.73,0,9.16,0,0,15.16,0,10.09,8.48,8.6,Industrie chimique,Sciences;Technologie;Environnement;Tourisme,Projet sur les procédés industriels;Projet d'analyse industrielle,Ingénieur;Chercheur,Laboratoire,ICMP
534,Baccalauréat Technique,Chimie;Physique,19.39,13.91,15.93,0,0,0,8.95,0,0,0,15.27,0,Analyse scientifique,Environnement;Technologie,Étude d'un procédé industriel;Projet sur les procédés industriels,Chercheur,Laboratoire,ICMP
535,Bac+1,Chimie;Mathématiques;Physique;Économie;Anglais,12.18,16.04,11.53,0,8.41,0,13.3,11.25,10.76,10.59,0,0,Procédés industriels;Industrie chimique;Gestion commerciale,Technologie;Sciences,Projet d'analyse industrielle;Étude d'un procédé industriel,Technicien;Chercheur,Travail en équipe;Laboratoire;Environnement industriel;Atelier,ICMP
536,Bac+3,Physique;Chimie;Mathématiques,16.44,14.46,19.15,13.11,9.25,14.08,10.94,14.99,0,0,14.87,0,Procédés industriels;Industrie chimique;Valorisation du patrimoine,Environnement;Technologie,Projet sur les procédés industriels;Étude d'un procédé industriel,Ingénieur;Technicien,Environnement industriel;Laboratoire,ICMP
537,Bac+1,Physique;Mathématiques,11.88,14.39,14.65,0,9.14,9.4,8.11,10.61,9.54,0,0,8.01,Procédés industriels,Technologie;Environnement;Sciences;Business,Projet sur les procédés industriels,Technicien;Entrepreneur,Laboratoire,ICMP
538,Baccalauréat D,Mathématiques;Physique;Économie;Histoire-Géographie,13.52,16.91,14.35,8.58,0,10.3,0,0,8.62,14.07,0,0,Technologies minières;Marketing,Technologie;Environnement,Projet d'analyse industrielle;Projet scolaire,Ingénieur,Environnement industriel;Laboratoire,ICMP
539,Baccalauréat S,Chimie;Mathématiques;Physique;Droit;Économie,19.65,16.74,14.89,10.59,11.94,12.58,0,14.08,15.16,11.35,0,0,Technologies minières,Environnement,Projet sur les procédés industriels;Étude d'un procédé industriel;Projet scolaire,Technicien;Chercheur,Environnement industriel,ICMP
540,Baccalauréat Technique,Mathématiques;Chimie;Physique;Histoire-Géographie,11.56,14.29,16.01,9.76,10.24,0,12.91,0,0,10.41,0,0,Technologies minières,Environnement,Projet sur les procédés industriels,Ingénieur;Chercheur,Laboratoire,ICMP
541,Bac+2,Physique;Mathématiques,16.29,12.88,14.63,15.65,0,14.67,0,9.3,11.62,14.1,9.16,0,Technologies minières;Analyse scientifique;Procédés industriels,Technologie,Projet d'analyse industrielle,Technicien;Chercheur,Environnement industriel;Travail en équipe;Laboratoire,ICMP
542,Baccalauréat D,Physique;Mathématiques;Français,17.33,10.55,16.96,8.95,0,0,0,9.68,0,0,15.89,0,Analyse scientifique;Communication numérique,Sciences;Environnement;Technologie,Projet sur les procédés industriels;Projet d'analyse industrielle;Participation à une association,Chercheur,Travail en équipe,ICMP
543,Bac+3,Physique;Mathématiques,15.64,12.92,13.72,8.8,14.73,13.74,11.94,0,15.76,13.82,0,0,Analyse scientifique;Tourisme,Environnement;Sciences;Droit,Étude d'un procédé industriel,Technicien;Ingénieur,Environnement industriel;Travail en équipe,ICMP
544,Bac+2,Physique;Mathématiques,12.04,15.42,17.79,0,0,0,11.37,8.47,11.77,0,9.0,0,Procédés industriels,Technologie;Environnement;Sciences,Projet d'analyse industrielle,Ingénieur,Laboratoire;Environnement industriel;Travail en équipe,ICMP
545,Baccalauréat D,Mathématiques;Physique;Chimie,12.33,13.98,12.34,14.95,13.09,0,0,9.77,0,14.77,0,8.32,Analyse scientifique;Industrie chimique;Technologies minières,Environnement,Projet sur les procédés industriels,Ingénieur;Développeur logiciel,Travail en équipe;Environnement industriel,ICMP
546,Bac+1,Physique;Chimie;Droit;Anglais,17.04,12.38,19.94,0,8.75,0,0,11.1,13.6,9.47,14.34,15.1,Analyse scientifique,Technologie;Environnement;Droit,Étude d'un procédé industriel;Projet d'analyse industrielle,Chercheur;Technicien,Travail en équipe;Environnement industriel,ICMP
547,Baccalauréat S,Mathématiques;Chimie;Physique,16.65,15.08,13.06,11.31,12.54,12.27,8.88,0,11.37,11.58,11.94,0,Technologies minières,Technologie;Sciences;Environnement,Projet sur les procédés industriels;Projet d'analyse industrielle;Projet scolaire,Technicien;Chercheur,Laboratoire,ICMP
548,Bac+3,Physique;Mathématiques;Chimie,19.09,16.73,16.13,13.24,0,13.2,0,11.62,0,0,0,9.94,Analyse scientifique;Technologies minières;Organisation,Environnement;Technologie;Sciences;Intelligence artificielle,Étude d'un procédé industriel;Projet d'analyse industrielle;Projet scolaire,Chercheur;Ingénieur,Environnement industriel;Laboratoire;Travail en équipe;Bureau,ICMP
549,Bac+3,Mathématiques;Chimie,16.65,14.23,13.47,0,0,14.02,11.61,0,14.32,15.82,0,13.79,Procédés industriels;Technologies minières;Industrie chimique,Environnement;Technologie,Étude d'un procédé industriel;Projet sur les procédés industriels;Participation à une association,Technicien;Ingénieur;Commercial,Environnement industriel,ICMP
550,Baccalauréat C,Chimie;Mathématiques;Physique;Informatique,12.14,14.49,17.11,0,0,15.02,12.19,0,0,0,10.04,10.25,Analyse scientifique;Procédés industriels,Environnement;Technologie;Droit,Projet sur les procédés industriels;Projet d'analyse industrielle,Technicien,Environnement industriel;Laboratoire;Administration,ICMP
551,Bac+1,Chimie;Physique;Mathématiques,16.59,13.46,18.51,11.7,0,15.18,0,0,0,0,8.75,15.42,Industrie chimique;Procédés industriels;Organisation,Technologie;Environnement,Projet d'analyse industrielle;Participation à une association,Technicien,Environnement industriel;Laboratoire;Travail en équipe,ICMP
552,Baccalauréat Technique,Physique;Mathématiques;Droit;Informatique,15.43,13.31,13.86,9.98,0,0,0,11.1,0,15.24,0,8.35,Technologies minières;Industrie chimique;Analyse scientifique,Environnement;Technologie,Projet sur les procédés industriels,Ingénieur;Manager,Laboratoire;Travail en équipe,ICMP
553,Bac+2,Physique;Chimie;Anglais;Biologie,14.77,18.06,11.55,0,0,15.75,12.35,0,0,15.33,0,13.78,Industrie chimique,Environnement,Étude d'un procédé industriel,Technicien;Ingénieur;Manager,Laboratoire;Environnement industriel;Travail individuel,ICMP
554,Baccalauréat S,Mathématiques;Chimie;Physique,11.09,14.71,12.17,9.73,0,13.91,0,0,0,0,12.95,0,Industrie chimique;Procédés industriels;Analyse scientifique;Gestion d'exploitation,Environnement;Technologie;Sciences,Étude d'un procédé industriel;Projet d'analyse industrielle,Chercheur;Ingénieur;Data Scientist,Laboratoire,ICMP
555,Bac+1,Mathématiques;Physique,17.63,15.16,13.65,0,8.71,10.07,0,0,0,10.28,0,14.1,Industrie chimique;Technologies minières,Technologie;Business,Projet sur les procédés industriels,Technicien;Ingénieur,Laboratoire,ICMP
556,Baccalauréat S,Chimie;Physique,18.15,19.31,12.65,0,0,15.16,0,12.56,0,10.02,15.17,0,Industrie chimique;Analyse scientifique,Sciences;Droit,Étude d'un procédé industriel,Technicien;Chercheur;Manager,Environnement industriel,ICMP
557,Bac+1,Chimie;Mathématiques;Physique,11.92,14.17,14.69,0,0,13.33,8.14,8.19,0,14.59,0,15.63,Procédés industriels,Environnement;Sciences;Technologie,Projet d'analyse industrielle;Projet sur les procédés industriels,Ingénieur;Agronome,Travail en équipe;Administration,ICMP
558,Bac+3,Mathématiques;Physique,18.01,15.57,16.58,0,0,15.61,12.35,0,0,0,13.92,10.1,Industrie chimique,Sciences,Projet sur les procédés industriels;Projet d'analyse industrielle,Ingénieur,Travail en équipe;Environnement industriel;Laboratoire,ICMP
559,Bac+2,Physique;Chimie;Mathématiques,19.33,15.79,15.58,0,0,0,0,0,12.9,0,11.58,0,Procédés industriels,Environnement,Projet d'analyse industrielle;Projet sur les procédés industriels,Chercheur;Technicien,Laboratoire;Environnement industriel;Travail en équipe,ICMP
560,Bac+1,Chimie;Physique,15.78,16.83,15.47,12.21,0,8.7,0,0,0,15.39,9.27,11.48,Procédés industriels;Technologies minières;Industrie chimique,Sciences;Technologie,Projet sur les procédés industriels;Projet d'analyse industrielle,Technicien,Laboratoire;Environnement industriel;Travail en équipe;Terrain,ICMP
561,Bac+2,Biologie;Anglais;Français;Droit;Histoire-Géographie,12.39,12.46,0,0,16.06,19.75,15.22,15.58,11.86,16.07,0,15.66,Communication touristique;Valorisation du patrimoine,Communication;Environnement;Tourisme,Projet de valorisation du patrimoine;Création d'un circuit touristique;Projet personnel,Professionnel du tourisme;Entrepreneur,Travail en équipe,TEE
562,Bac+3,Anglais;Histoire-Géographie;Biologie;Français;Mathématiques,0,0,0,0,10.57,16.79,12.98,13.0,0,14.42,13.29,0,Valorisation du patrimoine;Électromécanique,Environnement,Projet de valorisation du patrimoine,Professionnel du tourisme;Entrepreneur;Ingénieur,Bureau;Terrain;Travail en équipe,TEE
563,Bac+1,Biologie;Histoire-Géographie,13.61,0,11.76,0,18.28,15.65,18.41,0,0,16.09,0,11.26,Environnement;Gestion touristique,Environnement;Tourisme;Communication,Création d'un circuit touristique;Projet de découverte touristique,Commercial,Environnement international;Bureau,TEE
564,Baccalauréat C,Histoire-Géographie;Biologie;Droit,0,15.52,12.38,9.28,14.72,14.37,13.21,14.89,0,15.2,12.06,0,Valorisation du patrimoine,Environnement;Tourisme;Communication,Projet de valorisation du patrimoine;Création d'un circuit touristique,Commercial;Data Scientist,Terrain;Bureau,TEE
565,Baccalauréat C,Anglais;Histoire-Géographie;Biologie;Français,0,11.66,15.34,0,17.1,16.19,17.69,15.78,13.08,18.53,0,12.5,Gestion touristique,Communication;Environnement;Agriculture,Projet de valorisation du patrimoine,Commercial,Bureau,TEE
566,Baccalauréat Technique,Anglais;Biologie;Français,11.71,13.47,0,9.79,16.81,15.4,18.05,9.14,0,14.69,0,9.48,Environnement;Gestion touristique,Environnement;Tourisme;Communication;Agriculture,Création d'un circuit touristique;Projet de découverte touristique,Commercial;Entrepreneur,Travail en équipe,TEE
567,Baccalauréat C,Français;Histoire-Géographie,13.32,0,10.86,0,13.36,13.63,11.65,0,9.6,14.39,0,8.69,Communication touristique;Valorisation du patrimoine,Communication;Tourisme;Environnement,Projet de découverte touristique,Entrepreneur,Environnement international,TEE
568,Baccalauréat C,Français;Anglais;Biologie;Histoire-Géographie,8.16,0,0,0,17.66,13.23,15.22,0,0,17.37,13.42,0,Valorisation du patrimoine;Environnement,Tourisme,Projet de valorisation du patrimoine,Commercial,Travail en équipe,TEE
569,Bac+2,Histoire-Géographie;Biologie,10.93,0,9.41,0,11.79,16.28,14.75,0,13.75,11.87,10.07,0,Valorisation du patrimoine;Environnement;Communication touristique;Production agroalimentaire,Tourisme;Communication,Projet de valorisation du patrimoine,Commercial;Professionnel du tourisme,Travail en équipe;Bureau,TEE
570,Baccalauréat D,Français;Histoire-Géographie;Anglais;Biologie;Physique,0,9.29,11.42,0,10.74,14.05,14.42,0,12.54,11.9,11.68,0,Gestion touristique,Communication;Environnement;Tourisme;Informatique,Projet de valorisation du patrimoine;Projet de découverte touristique,Professionnel du tourisme,Terrain;Environnement international,TEE
571,Baccalauréat Technique,Anglais;Histoire-Géographie;Informatique;Droit,0,0,0,0,13.42,13.01,15.05,9.9,0,14.35,0,11.26,Communication touristique;Environnement;Valorisation du patrimoine;Analyse des systèmes,Communication;Tourisme;Environnement,Projet de découverte touristique;Projet scolaire,Commercial;Agronome,Terrain;Environnement international,TEE
572,Baccalauréat Technique,Français;Histoire-Géographie,9.88,0,14.37,14.17,17.52,13.85,12.87,0,11.32,12.47,0,0,Communication touristique;Gestion touristique;Valorisation du patrimoine,Communication;Environnement,Création d'un circuit touristique;Projet de découverte touristique;Projet scolaire,Professionnel du tourisme;Entrepreneur,Terrain;Environnement international;Bureau,TEE
573,Bac+3,Biologie;Français;Mathématiques,0,0,0,9.44,15.13,10.98,18.08,0,0,12.99,12.84,11.16,Communication touristique;Gestion touristique,Environnement;Communication;Sciences,Projet de valorisation du patrimoine;Projet de découverte touristique,Professionnel du tourisme;Commercial,Environnement international;Terrain;Travail en équipe,TEE
574,Baccalauréat C,Biologie;Histoire-Géographie;Français,11.96,0,14.77,0,18.19,13.56,14.25,0,0,18.33,14.3,0,Communication touristique,Tourisme;Communication;Environnement,Projet de découverte touristique,Professionnel du tourisme;Commercial;Architecte,Bureau;Environnement international,TEE
575,Baccalauréat C,Biologie;Histoire-Géographie;Anglais;Français,11.83,0,11.02,0,14.62,13.0,14.78,0,10.23,14.39,0,13.83,Gestion touristique;Valorisation du patrimoine;Communication touristique,Communication,Projet de valorisation du patrimoine,Professionnel du tourisme;Commercial,Travail en équipe;Environnement industriel,TEE
576,Baccalauréat C,Anglais;Histoire-Géographie;Français;Chimie,9.26,0,0,12.29,15.3,17.74,14.04,11.59,0,18.01,0,0,Environnement;Communication touristique,Communication;Tourisme;Environnement;Droit,Création d'un circuit touristique;Participation à une association,Commercial;Entrepreneur,Terrain;Travail en équipe;Environnement international,TEE
577,Baccalauréat Technique,Français;Anglais;Biologie,0,0,0,9.95,16.86,13.25,17.54,14.54,0,14.98,0,0,Communication touristique,Tourisme;Communication;Environnement,Création d'un circuit touristique,Entrepreneur;Commercial,Terrain;Bureau;Environnement international,TEE
578,Baccalauréat C,Anglais;Histoire-Géographie;Français,0,0,8.96,0,13.22,14.37,14.04,12.82,11.81,12.59,12.13,9.8,Communication touristique;Gestion touristique;Environnement;Élevage,Communication;Tourisme,Projet de découverte touristique,Professionnel du tourisme;Commercial,Bureau,TEE
579,Bac+2,Histoire-Géographie;Anglais;Biologie;Français,13.63,9.5,0,12.34,14.09,12.59,14.72,9.87,9.74,11.41,0,0,Communication touristique;Environnement;Valorisation du patrimoine,Tourisme;Environnement;Communication,Projet de découverte touristique;Création d'un circuit touristique,Entrepreneur,Bureau;Travail en équipe;Terrain,TEE
580,Baccalauréat S,Histoire-Géographie;Biologie,0,12.07,9.65,0,17.03,14.87,12.97,10.35,15.36,14.76,0,0,Gestion touristique;Environnement,Tourisme;Communication;Environnement,Projet de découverte touristique,Commercial;Entrepreneur,Terrain,TEE
581,Bac+3,Histoire-Géographie;Français;Anglais,0,0,15.88,13.55,15.23,15.35,13.7,0,0,14.02,8.52,15.92,Environnement;Informatique industrielle,Tourisme;Communication,Projet de découverte touristique;Création d'un circuit touristique,Commercial,Terrain,TEE
582,Baccalauréat D,Biologie;Français,0,13.14,10.56,13.99,14.35,14.59,16.08,13.31,0,17.09,0,12.3,Environnement;Analyse des systèmes,Communication;Tourisme;Environnement,Création d'un circuit touristique;Projet personnel,Commercial;Entrepreneur,Bureau;Travail en équipe;Terrain,TEE
583,Bac+3,Histoire-Géographie;Biologie,0,0,11.78,15.66,15.12,16.97,16.54,10.3,13.82,15.31,0,0,Gestion touristique;Valorisation du patrimoine;Contrôle qualité,Communication,Projet de valorisation du patrimoine,Entrepreneur;Commercial,Terrain;Environnement international,TEE
584,Bac+3,Biologie;Anglais;Histoire-Géographie;Français,0,0,10.07,12.4,11.38,16.2,14.12,0,10.2,14.99,0,0,Communication touristique;Valorisation du patrimoine;Environnement,Communication;Environnement;Tourisme;Business,Projet de valorisation du patrimoine;Projet de découverte touristique,Entrepreneur;Professionnel du tourisme;Comptable,Environnement international;Terrain;Travail en équipe;Entreprise,TEE
585,Baccalauréat S,Histoire-Géographie;Biologie;Anglais;Français;Gestion,13.82,10.71,0,0,18.75,15.29,15.56,0,13.55,17.47,0,0,Environnement;Gestion touristique;Valorisation du patrimoine,Communication,Création d'un circuit touristique;Projet de découverte touristique,Professionnel du tourisme;Entrepreneur,Travail en équipe;Terrain;Bureau;Entreprise,TEE
586,Bac+1,Français;Anglais;Biologie,15.84,0,10.59,0,16.29,18.47,16.27,11.29,0,14.4,13.99,0,Communication touristique;Maintenance industrielle,Tourisme;Communication,Projet de découverte touristique,Commercial,Travail en équipe;Terrain,TEE
587,Baccalauréat D,Anglais;Français;Biologie;Histoire-Géographie;Technique;Informatique,11.01,0,0,11.32,11.18,13.68,15.03,0,14.25,15.59,8.84,15.7,Valorisation du patrimoine,Environnement;Tourisme;Communication,Création d'un circuit touristique,Commercial,Environnement international;Bureau,TEE
588,Baccalauréat S,Biologie;Français;Anglais;Histoire-Géographie,10.51,12.91,0,0,17.29,13.82,16.32,10.29,10.28,14.52,0,0,Communication touristique;Valorisation du patrimoine,Tourisme,Création d'un circuit touristique;Projet de valorisation du patrimoine,Professionnel du tourisme;Entrepreneur,Environnement international;Bureau,TEE
589,Bac+3,Biologie;Anglais;Français;Histoire-Géographie;Technique,0,0,12.98,8.26,16.88,11.82,14.25,0,13.96,15.88,0,0,Communication touristique;Valorisation du patrimoine;Art culinaire,Communication;Intelligence artificielle,Projet de découverte touristique;Projet de valorisation du patrimoine,Commercial,Terrain;Environnement international;Travail en équipe,TEE
590,Bac+1,Histoire-Géographie;Anglais;Français;Technique;Gestion,0,0,8.81,0,16.38,16.87,12.76,0,0,12.97,0,0,Communication touristique;Environnement;Gestion touristique;Informatique industrielle,Communication;Environnement;Tourisme,Projet de valorisation du patrimoine;Projet de découverte touristique,Entrepreneur,Travail en équipe,TEE
591,Baccalauréat S,Histoire-Géographie;Français;Biologie;Anglais,0,0,9.44,0,17.07,16.55,18.09,0,15.32,10.65,15.01,0,Gestion touristique;Valorisation du patrimoine,Tourisme;Communication,Création d'un circuit touristique,Professionnel du tourisme;Commercial,Bureau;Terrain;Environnement international,TEE
592,Bac+3,Français;Histoire-Géographie,13.78,0,0,10.86,14.61,17.49,13.83,0,0,12.73,0,0,Valorisation du patrimoine;Environnement,Environnement;Tourisme;Communication,Création d'un circuit touristique;Projet de découverte touristique,Entrepreneur;Professionnel du tourisme,Travail en équipe;Bureau,TEE
593,Bac+3,Français;Histoire-Géographie;Anglais;Biologie,0,0,10.89,0,19.22,13.81,14.69,14.83,0,15.3,0,0,Gestion touristique;Environnement;Communication touristique,Tourisme;Environnement;Communication;Droit,Création d'un circuit touristique,Entrepreneur,Environnement international;Travail en équipe,TEE
594,Bac+1,Français;Biologie;Chimie,0,8.73,13.79,10.0,14.88,16.0,17.16,8.47,8.08,13.04,0,0,Communication touristique;Valorisation du patrimoine;Environnement,Environnement;Communication,Projet de découverte touristique;Création d'un circuit touristique,Professionnel du tourisme;Entrepreneur,Bureau,TEE
595,Baccalauréat C,Histoire-Géographie;Anglais;Français;Biologie;Physique;Économie,0,0,15.77,0,18.91,15.05,14.13,0,0,17.22,10.0,0,Communication touristique,Communication;Tourisme;Business,Création d'un circuit touristique;Projet de valorisation du patrimoine;Participation à une association,Professionnel du tourisme;Entrepreneur,Travail en équipe;Bureau;Terrain,TEE
596,Bac+3,Anglais;Français;Biologie,0,0,0,0,11.08,18.74,16.68,11.95,14.44,17.57,10.8,9.49,Gestion touristique;Valorisation du patrimoine;Communication touristique,Communication,Projet de découverte touristique;Création d'un circuit touristique;Projet personnel,Professionnel du tourisme,Travail en équipe;Environnement international,TEE
597,Baccalauréat C,Biologie;Anglais;Histoire-Géographie,15.84,0,12.64,8.67,16.3,14.99,16.95,15.2,14.73,13.19,0,0,Communication touristique;Environnement;Valorisation du patrimoine,Communication;Tourisme;Environnement;Agriculture,Projet de valorisation du patrimoine;Projet de découverte touristique,Entrepreneur;Architecte,Bureau,TEE
598,Baccalauréat D,Biologie;Histoire-Géographie;Anglais,15.06,0,0,8.13,15.4,18.24,16.72,0,0,17.64,0,12.71,Environnement,Communication;Tourisme;Environnement;Sciences,Projet de valorisation du patrimoine,Professionnel du tourisme;Commercial,Terrain;Travail en équipe;Bureau,TEE
599,Bac+3,Biologie;Anglais;Français;Histoire-Géographie,0,13.01,0,14.4,15.25,14.31,18.87,0,15.09,13.89,0,14.11,Valorisation du patrimoine;Gestion touristique;Environnement,Environnement,Création d'un circuit touristique;Projet de valorisation du patrimoine,Commercial;Entrepreneur,Terrain;Travail en équipe;Bureau,TEE
600,Baccalauréat C,Anglais;Biologie;Histoire-Géographie;Français,0,0,9.85,0,12.64,18.46,16.95,12.02,0,14.84,0,13.49,Environnement;Communication touristique;Valorisation du patrimoine,Environnement,Projet de valorisation du patrimoine,Commercial;Entrepreneur,Environnement international;Bureau,TEE
601,Baccalauréat D,Histoire-Géographie;Anglais;Français,0,12.79,13.78,0,14.6,14.38,14.68,9.53,14.07,14.1,0,10.25,Communication;Marketing,Tourisme;Communication;Business,Organisation d'un service hôtelier;Organisation d'un événement hôtelier,Manager;Professionnel du tourisme,Environnement international;Entreprise;Travail en équipe;Environnement industriel,TEH
602,Bac+2,Histoire-Géographie;Français;Anglais,9.75,0,15.05,15.89,17.09,13.18,0,12.69,0,14.25,0,13.98,Accueil;Art culinaire;Programmation,Business;Tourisme,Organisation d'un service hôtelier;Organisation d'un événement hôtelier;Projet personnel,Entrepreneur,Travail en équipe;Environnement international,TEH
603,Bac+1,Histoire-Géographie;Anglais,8.68,0,10.57,0,18.48,12.41,11.98,10.56,15.31,14.19,12.86,13.13,Tourisme;Art culinaire;Multimédia,Tourisme;Communication;Business;Droit,Projet de restauration,Professionnel du tourisme;Entrepreneur,Travail en équipe;Environnement international;Entreprise,TEH
604,Bac+2,Anglais;Français,10.2,0,0,0,14.98,14.58,11.56,14.24,0,10.3,13.8,14.35,Tourisme;Technologies minières,Business;Communication,Projet de restauration,Professionnel du tourisme,Travail en équipe;Entreprise;Environnement international,TEH
605,Bac+3,Anglais;Français;Technique,0,8.41,8.98,10.02,13.76,16.05,8.57,0,12.29,12.39,15.7,10.04,Tourisme;Techniques agricoles,Communication;Business;Tourisme,Organisation d'un service hôtelier;Projet de restauration,Professionnel du tourisme;Entrepreneur,Travail en équipe;Environnement international;Entreprise,TEH
606,Baccalauréat S,Anglais;Histoire-Géographie;Français;Physique;Gestion,9.24,0,0,0,14.3,11.91,13.89,0,0,14.02,0,14.45,Gestion hôtelière;Tourisme,Business;Communication,Projet de restauration;Participation à une association,Entrepreneur;Manager,Environnement international;Entreprise;Travail en équipe,TEH
607,Bac+3,Français;Histoire-Géographie;Anglais;Gestion;Physique,11.68,0,14.77,0,12.79,14.88,0,0,0,15.28,0,13.44,Accueil;Gestion hôtelière,Business;Tourisme,Projet de restauration;Organisation d'un service hôtelier,Professionnel du tourisme;Manager,Travail en équipe,TEH
608,Baccalauréat Technique,Histoire-Géographie;Anglais;Français,0,12.31,8.68,14.41,18.31,14.01,12.83,0,11.94,14.62,14.81,0,Art culinaire;Communication,Business,Organisation d'un événement hôtelier,Entrepreneur;Ingénieur,Environnement international;Entreprise;Travail en équipe,TEH
609,Baccalauréat S,Histoire-Géographie;Français;Anglais,0,0,15.59,0,14.71,19.12,0,0,12.05,16.34,0,14.48,Accueil;Communication;Gestion hôtelière;Python,Tourisme;Communication;Business,Organisation d'un événement hôtelier,Manager,Travail en équipe;Environnement international,TEH
610,Baccalauréat S,Anglais;Histoire-Géographie;Français;Économie;Biologie,8.61,0,0,0,17.43,14.56,11.6,0,10.71,12.83,0,0,Communication;Accueil;Art culinaire,Communication;Business;Tourisme,Projet de restauration;Organisation d'un événement hôtelier,Professionnel du tourisme;Architecte,Environnement international;Entreprise;Terrain,TEH
611,Bac+3,Français;Histoire-Géographie,0,0,8.01,0,18.81,14.99,0,11.37,0,16.98,11.72,12.83,Art culinaire,Business;Tourisme,Organisation d'un événement hôtelier,Manager,Travail en équipe;Entreprise;Environnement international;Travail individuel,TEH
612,Baccalauréat C,Français;Histoire-Géographie,0,10.38,11.2,0,13.29,15.48,15.25,0,0,13.65,14.38,12.52,Art culinaire;Gestion hôtelière;Communication;Gestion commerciale,Tourisme;Communication;Business;Droit,Organisation d'un service hôtelier;Organisation d'un événement hôtelier;Projet personnel,Entrepreneur,Travail en équipe,TEH
613,Bac+2,Français;Histoire-Géographie;Anglais,9.11,0,0,8.03,12.95,17.82,0,0,10.21,13.95,0,14.18,Communication;Accueil,Tourisme;Business;Informatique,Organisation d'un événement hôtelier;Projet de restauration,Manager;Entrepreneur,Environnement international;Entreprise,TEH
614,Baccalauréat Technique,Français;Histoire-Géographie;Anglais,15.26,0,12.34,12.57,16.49,15.67,0,0,14.07,14.07,0,11.89,Accueil;Gestion des procédés,Communication;Tourisme;Business;Informatique,Organisation d'un événement hôtelier;Projet de restauration;Participation à une association,Entrepreneur;Professionnel du tourisme,Environnement international;Travail en équipe;Entreprise,TEH
615,Bac+1,Français;Anglais;Histoire-Géographie,0,8.49,9.8,15.63,19.25,16.84,0,0,0,15.96,9.82,12.64,Art culinaire;Tourisme,Communication;Business;Agriculture,Organisation d'un service hôtelier;Projet de restauration,Entrepreneur,Environnement international;Entreprise,TEH
616,Baccalauréat S,Anglais;Histoire-Géographie;Français,8.41,0,0,0,14.77,18.95,8.94,11.87,0,14.22,10.32,0,Tourisme;Art culinaire;Organisation,Tourisme;Business,Projet de restauration,Entrepreneur;Professionnel du tourisme,Entreprise;Travail en équipe;Environnement international,TEH
617,Baccalauréat C,Français;Anglais;Histoire-Géographie,0,14.92,0,0,12.74,19.11,0,0,0,19.31,11.0,13.23,Communication;Art culinaire;Gestion hôtelière,Communication;Tourisme,Organisation d'un événement hôtelier;Organisation d'un service hôtelier;Participation à une association,Manager;Ingénieur,Travail en équipe;Entreprise;Environnement international,TEH
618,Bac+3,Histoire-Géographie;Français;Anglais,15.53,14.3,12.72,10.24,11.94,14.37,0,0,0,19.03,0,12.9,Accueil;Communication;Art culinaire,Communication;Tourisme,Organisation d'un événement hôtelier,Manager,Entreprise,TEH
619,Bac+2,Anglais;Histoire-Géographie;Français,0,8.85,0,0,16.93,10.81,10.49,14.42,15.8,16.93,0,14.41,Communication;Art culinaire,Communication;Business;Tourisme,Organisation d'un événement hôtelier,Professionnel du tourisme;Architecte,Entreprise;Environnement international,TEH
620,Baccalauréat Technique,Histoire-Géographie;Anglais;Français,0,0,0,0,15.19,17.04,0,14.38,14.41,17.39,0,14.54,Communication;Art culinaire,Communication;Environnement,Organisation d'un service hôtelier,Manager;Data Scientist,Environnement international;Travail individuel,TEH
621,Bac+1,Anglais;Français;Histoire-Géographie,9.27,0,0,15.1,13.81,13.42,0,0,0,14.43,0,9.05,Tourisme;Gestion hôtelière,Tourisme;Communication,Projet de restauration;Organisation d'un service hôtelier;Projet scolaire,Entrepreneur,Environnement international;Travail en équipe,TEH
622,Baccalauréat D,Français;Histoire-Géographie,15.62,9.9,0,13.66,10.28,11.7,12.76,11.21,13.93,15.44,13.07,10.92,Gestion hôtelière;Art culinaire;Accueil,Business;Tourisme;Droit,Organisation d'un événement hôtelier;Organisation d'un service hôtelier;Projet personnel,Entrepreneur,Entreprise;Environnement international,TEH
623,Baccalauréat D,Français;Anglais;Histoire-Géographie,0,0,0,12.28,19.72,19.13,14.74,0,0,13.21,0,0,Tourisme;Art culinaire,Communication,Organisation d'un service hôtelier;Projet de restauration,Professionnel du tourisme;Manager;Technicien,Environnement international,TEH
624,Bac+1,Français;Anglais,0,0,0,0,15.57,16.16,0,0,9.53,14.67,10.43,0,Art culinaire;Accueil;Tourisme,Communication;Business;Santé,Organisation d'un événement hôtelier;Organisation d'un service hôtelier,Professionnel du tourisme,Environnement international;Entreprise;Travail en équipe;Télétravail,TEH
625,Bac+2,Français;Histoire-Géographie;Anglais,8.53,0,0,0,14.72,15.56,0,0,10.09,11.07,12.8,14.08,Tourisme;Gestion hôtelière;Art culinaire,Communication;Business,Organisation d'un événement hôtelier;Organisation d'un service hôtelier,Manager,Travail en équipe;Entreprise,TEH
626,Bac+1,Histoire-Géographie;Anglais;Informatique;Technique,0,0,0,14.41,13.57,17.58,0,0,11.34,15.61,0,0,Tourisme;Pharmacologie,Tourisme;Communication,Projet de restauration;Organisation d'un événement hôtelier,Professionnel du tourisme,Environnement international,TEH
627,Baccalauréat D,Histoire-Géographie;Français;Économie,14.73,9.17,0,13.9,13.12,18.84,13.13,12.95,0,17.72,0,10.91,Communication;Accueil,Tourisme;Communication,Projet de restauration;Organisation d'un événement hôtelier,Entrepreneur,Travail en équipe;Entreprise;Environnement international,TEH
628,Baccalauréat D,Français;Histoire-Géographie;Informatique,9.99,0,0,15.89,13.0,12.39,0,13.07,0,14.83,9.93,10.59,Art culinaire;Communication touristique,Communication;Agriculture,Organisation d'un service hôtelier;Organisation d'un événement hôtelier,Manager;Entrepreneur;Technicien,Environnement international;Entreprise,TEH
629,Bac+2,Anglais;Histoire-Géographie;Français;Chimie;Économie,0,0,9.86,0,12.4,15.74,0,0,0,19.38,13.94,0,Communication;Tourisme,Business,Organisation d'un événement hôtelier;Projet de restauration,Manager;Entrepreneur,Travail en équipe;Entreprise;Télétravail,TEH
630,Bac+2,Anglais;Histoire-Géographie;Physique,0,14.82,0,0,17.96,15.37,14.99,11.49,8.33,12.34,0,14.47,Art culinaire;Communication;Accueil,Tourisme;Business,Organisation d'un événement hôtelier;Organisation d'un service hôtelier,Professionnel du tourisme;Comptable,Environnement international;Entreprise,TEH
631,Bac+3,Histoire-Géographie;Français,0,0,12.75,14.39,18.33,13.41,0,12.07,0,14.8,0,11.36,Gestion hôtelière;Tourisme;Art culinaire;Prise de décision,Communication;Business,Projet de restauration,Professionnel du tourisme,Environnement international,TEH
632,Baccalauréat Technique,Histoire-Géographie;Français,0,9.23,9.69,8.14,16.37,14.4,0,11.2,15.07,17.19,0,13.13,Tourisme;Accueil,Communication,Organisation d'un service hôtelier;Organisation d'un événement hôtelier,Entrepreneur;Manager,Environnement international,TEH
633,Baccalauréat D,Français;Anglais;Mathématiques,12.86,11.22,0,14.0,17.15,14.88,0,8.26,14.68,13.57,0,11.76,Art culinaire;Accueil;Communication,Communication,Organisation d'un événement hôtelier;Organisation d'un service hôtelier,Manager,Environnement international;Entreprise;Atelier,TEH
634,Bac+1,Histoire-Géographie;Français;Anglais,0,10.57,0,0,16.24,16.39,12.51,0,0,15.64,0,12.08,Tourisme,Tourisme;Business;Finance,Organisation d'un service hôtelier,Professionnel du tourisme;Architecte,Entreprise;Travail en équipe;Environnement international,TEH
635,Bac+3,Français;Anglais,0,15.93,0,0,13.11,15.21,0,0,12.17,15.5,11.62,11.23,Accueil;Analyse,Tourisme,Organisation d'un événement hôtelier;Projet de restauration,Manager;Professionnel du tourisme;Architecte,Travail en équipe;Entreprise;Environnement international;Bureau,TEH
636,Baccalauréat C,Anglais;Français;Mathématiques,0,0,0,9.02,14.49,14.51,12.45,0,10.61,15.59,0,0,Tourisme;Communication;Analyse économique,Communication,Projet de restauration,Professionnel du tourisme;Entrepreneur,Entreprise;Travail en équipe;Laboratoire,TEH
637,Baccalauréat S,Français;Histoire-Géographie,9.22,0,0,0,19.07,14.74,0,8.68,15.45,18.66,0,0,Communication,Tourisme;Communication;Business,Projet de restauration,Entrepreneur;Professionnel du tourisme,Entreprise,TEH
638,Baccalauréat S,Français;Histoire-Géographie,14.86,0,0,15.59,12.44,14.93,0,12.7,10.49,11.86,13.96,0,Art culinaire;Gestion hôtelière;Valorisation du patrimoine,Communication;Tourisme;Business;Droit,Projet de restauration;Organisation d'un service hôtelier,Professionnel du tourisme;Entrepreneur,Travail en équipe;Environnement international;Entreprise,TEH
639,Baccalauréat C,Français;Histoire-Géographie,0,12.95,0,0,13.17,16.77,9.83,0,0,12.57,0,0,Gestion hôtelière,Tourisme;Intelligence artificielle,Organisation d'un événement hôtelier;Organisation d'un service hôtelier,Manager,Entreprise;Environnement international,TEH
640,Bac+3,Français;Anglais,14.29,9.81,15.45,10.25,14.09,14.13,0,0,0,17.56,0,0,Gestion hôtelière;Accueil,Tourisme,Projet de restauration;Organisation d'un événement hôtelier,Manager;Professionnel du tourisme,Environnement international;Travail en équipe,TEH
